Workbook

Sheet Dashboard
A1: Customer Success Dashboard
A2: Synthetic SaaS data · 2,600 accounts · reporting month Sep 2026 · every number is a live formula
A4: ARR | E4: MRR growth (12 mo) | I4: Net revenue retention | M4: Gross revenue retention | Q4: NPS (12 mo) | U4: High Risk ARR
A5: =KPI_Summary!B6 -> 75595284 | E5: =KPI_Summary!B9 -> 0.3880458 | I5: =KPI_Summary!B12 -> 0.92290731 | M5: =KPI_Summary!B13 -> 0.87841833 | Q5: =KPI_Summary!B18 -> 27 | U5: =KPI_Summary!B22 -> 5736864

Sheet README
A1: SaaS Customer Success Analytics — Excel Workbook
A2: Synthetic practice dataset: 2,600 B2B SaaS accounts, Jan 2024 – Sep 2026 (reporting month: Sep 2026).
A4: HOW THIS WORKBOOK FITS THE PROJECT
A5: 1. SQL (customer_success_analysis.sql) cleans and aggregates the raw CSVs.
A6: 2. This workbook re-calculates the key metrics with formulas so you can see and change the logic.
A7: 3. Power BI uses the same data + DAX measures for the 5-page dashboard.
A9: TABS
A10: Assumptions — health-score weights and thresholds. Change a blue cell and every score updates.
A11: KPI_Summary — the executive numbers: ARR, MRR, churn, NRR/GRR, NPS, health mix, by segment.
A12: Monthly_MRR — 33 months of MRR, MRR movements (new / expansion / contraction / churn), logo churn.
A13: Health_Score — one row per active customer: raw inputs (from SQL) + formula-driven component scores.
A14: Retention_Cohort — customers paying in Sep 2025 and their MRR in Sep 2026, used for NRR / GRR.
... A25: c) Add a slicer to a PivotTable on Health_Score for csm_owner.

Sheet KPI_Summary
A1: Executive KPI Summary — reporting month Sep 2026
A2: Every number below is a live formula on the other tabs.
A4: REVENUE | D4: Health tier | E4: Customers | F4: ARR | G4: % of ARR
A5: Current MRR | B5: =INDEX(Monthly_MRR!B2:B34,COUNT(Monthly_MRR!B2:B34)) -> 6299607 | D5: Healthy | E5: =COUNTIF(Health_Score!$V$2:$V$2122,D5) -> 1102 | F5: =SUMIFS(Health_Score!$O$2:$O$2122,Health_Score!$V$2:$V$2122,D5) -> 33945924 | G5: =F5/SUM($F$5:$F$7) -> 0.44904817
A6: Current ARR | B6: =B5*12 -> 75595284 | D6: Needs Attention | E6: =COUNTIF(Health_Score!$V$2:$V$2122,D6) -> 901 | F6: =SUMIFS(Health_Score!$O$2:$O$2122,Health_Score!$V$2:$V$2122,D6) -> 35912496 | G6: =F6/SUM($F$5:$F$7) -> 0.47506265
A7: Paying customers | B7: =INDEX(Monthly_MRR!C2:C34,COUNT(Monthly_MRR!C2:C34)) -> 2121 | D7: High Risk | E7: =COUNTIF(Health_Score!$V$2:$V$2122,D7) -> 118 | F7: =SUMIFS(Health_Score!$O$2:$O$2122,Health_Score!$V$2:$V$2122,D7) -> 5736864 | G7: =F7/SUM($F$5:$F$7) -> 0.075889178
A8: Average ARR per customer | B8: =B6/B7 -> 35641.341 | D8: Total | E8: =SUM(E5:E7) -> 2121 | F8: =SUM(F5:F7) -> 75595284
A9: MRR growth, last 12 months | B9: =INDEX(Monthly_MRR!B2:B34,COUNT(Monthly_MRR!B2:B34))/INDEX(Monthly_MRR!B2:B34,COUNT(Monthly_MRR!B2:B34)-12)-1 -> 0.3880458
A10: Expansion MRR, last 12 months | B10: =SUM(OFFSET(Monthly_MRR!E2,COUNT(Monthly_MRR!B2:B34)-12,0,12,1)) -> 272516
A11: RETENTION (Sep 2025 → Sep 2026 cohort) | D11: Segment | E11: Active customers | F11: ARR | G11: Avg health | H11: High Risk | I11: NPS
A12: Net Revenue Retention (NRR) | B12: =SUM(Retention_Cohort!D2:D1621)/SUM(Retention_Cohort!C2:C1621) -> 0.92290731 | D12: SMB | E12: =COUNTIF(Health_Score!$C$2:$C$2122,D12) -> 1305 | F12: =SUMIFS(Health_Score!$O$2:$O$2122,Health_Score!$C$2:$C$2122,D12) -> 6061704 | G12: =AVERAGEIF(Health_Score!$C$2:$C$2122,D12,Health_Score!$U$2:$U$2122) -> 80.219923 | H12: =COUNTIFS(Health_Score!$C$2:$C$2122,D12,Health_Score!$V$2:$V$2122,"High Risk") -> 56 | I12: =ROUND(100*(COUNTIFS(NPS_Responses!$C$2:$C$4016,D12,NPS_Responses!$F$2:$F$4016,"Promoter")-COUNTIFS(NPS_Responses!$C$2:$C$4016,D12,NPS_Responses!$F$2:$F$4016,"Detractor"))/COUNTIF(NPS_Responses!$C$2:$C$4016,D12),0) -> 29
A13: Gross Revenue Retention (GRR) | B13: =SUM(Retention_Cohort!E2:E1621)/SUM(Retention_Cohort!C2:C1621) -> 0.87841833 | D13: Mid-Market | E13: =COUNTIF(Health_Score!$C$2:$C$2122,D13) -> 591 | F13: =SUMIFS(Health_Score!$O$2:$O$2122,Health_Score!$C$2:$C$2122,D13) -> 26217540 | G13: =AVERAGEIF(Health_Score!$C$2:$C$2122,D13,Health_Score!$U$2:$U$2122) -> 78.634518 | H13: =COUNTIFS(Health_Score!$C$2:$C$2122,D13,Health_Score!$V$2:$V$2122,"High Risk") -> 44 | I13: =ROUND(100*(COUNTIFS(NPS_Responses!$C$2:$C$4016,D13,NPS_Responses!$F$2:$F$4016,"Promoter")-COUNTIFS(NPS_Responses!$C$2:$C$4016,D13,NPS_Responses!$F$2:$F$4016,"Detractor"))/COUNTIF(NPS_Responses!$C$2:$C$4016,D13),0) -> 23
A14: Logo retention | B14: =SUM(Retention_Cohort!F2:F1621)/COUNT(Retention_Cohort!C2:C1621) -> 0.87839506 | D14: Enterprise | E14: =COUNTIF(Health_Score!$C$2:$C$2122,D14) -> 225 | F14: =SUMIFS(Health_Score!$O$2:$O$2122,Health_Score!$C$2:$C$2122,D14) -> 43316040 | G14: =AVERAGEIF(Health_Score!$C$2:$C$2122,D14,Health_Score!$U$2:$U$2122) -> 77.106667 | H14: =COUNTIFS(Health_Score!$C$2:$C$2122,D14,Health_Score!$V$2:$V$2122,"High Risk") -> 18 | I14: =ROUND(100*(COUNTIFS(NPS_Responses!$C$2:$C$4016,D14,NPS_Responses!$F$2:$F$4016,"Promoter")-COUNTIFS(NPS_Responses!$C$2:$C$4016,D14,NPS_Responses!$F$2:$F$4016,"Detractor"))/COUNTIF(NPS_Responses!$C$2:$C$4016,D14),0) -> 28
A15: Annual logo churn rate | B15: =1-B14 -> 0.12160494
A16: Avg monthly logo churn, last 12 months | B16: =AVERAGE(OFFSET(Monthly_MRR!M2,COUNT(Monthly_MRR!B2:B34)-12,0,12,1)) -> 0.010846907
A17: CUSTOMER SENTIMENT
A18: NPS (last 12 months) | B18: =ROUND(100*(COUNTIF(NPS_Responses!F2:F4016,"Promoter")-COUNTIF(NPS_Responses!F2:F4016,"Detractor"))/COUNTA(NPS_Responses!F2:F4016),0) -> 27
A19: Survey responses | B19: =COUNTA(NPS_Responses!F2:F4016) -> 4015
A20: CUSTOMER HEALTH (active customers)
A21: Average health score | B21: =AVERAGE(Health_Score!U2:U2122) -> 79.447902
A22: ARR in High Risk tier | B22: =SUMIFS(Health_Score!O2:O2122,Health_Score!V2:V2122,"High Risk") -> 5736864
A23: ARR in Needs Attention tier | B23: =SUMIFS(Health_Score!O2:O2122,Health_Score!V2:V2122,"Needs Attention") -> 35912496

Sheet Assumptions
A1: Assumption | B1: Value | C1: Notes
A2: Weight — Product usage | B2: 0.35 | C2: Share of health score
A3: Weight — NPS | B3: 0.2
A4: Weight — Support load | B4: 0.15
A5: Weight — Onboarding | B5: 0.1
A6: Weight — Revenue trend | B6: 0.2
A7: Weights total (must = 100%) | B7: =SUM(B2:B6) -> 1 | C7: Formula check
A8: Seat utilisation for full usage score | B8: 0.9 | C8: 90%+ active seats = 100 points
A9: Score if no NPS survey yet | B9: 50 | C9: Neutral default
A10: Healthy threshold (score ≥) | B10: 80
A11: Needs Attention threshold (score ≥) | B11: 65 | C11: Below this = High Risk
A12: Support score: 0–1 tickets in 90 days | B12: 100
A13: Support score: 2–3 tickets | B13: 75
A14: Support score: 4–6 tickets | B14: 50
A15: Support score: 7+ tickets | B15: 20
A16: Onboarding score: Completed On Time | B16: 100
A17: Onboarding score: Completed Late | B17: 60
A18: Onboarding score: In Progress | B18: 50
A19: Revenue trend: MRR up vs 3 months ago | B19: 100
A20: Revenue trend: flat (or new customer) | B20: 70
A21: Revenue trend: MRR down | B21: 30
A23: All values are design choices for this practice project (not from a published benchmark).

Sheet Health_Score
A1: account_id | B1: company_name | C1: segment | D1: plan | E1: region | F1: csm_owner | G1: renewal_date | H1: mrr_now | I1: mrr_3m_ago | J1: utilisation | K1: avg_features | L1: latest_nps | M1: tickets_90d | N1: onboarding_status | O1: ARR | P1: Usage score | Q1: NPS score | R1: Support score | S1: Onboarding score | T1: Growth score | U1: Health score | V1: Risk tier
A2: ACC-11401 | B2: Greenforge Group | C2: Enterprise | D2: Enterprise | E2: APAC | F2: Aisha Khan | G2: 2027-05-01 | H2: 36495 | I2: 31005 | J2: 0.748 | K2: 9.3 | L2: 10 | M2: 3 | N2: Completed On Time | O2: =H2*12 -> 437940 | P2: =MIN(100,ROUND(100*J2/Assumptions!$B$8,0)) -> 83 | Q2: =IF(L2="",Assumptions!$B$9,L2*10) -> 100 | R2: =IF(M2<=1,Assumptions!$B$12,IF(M2<=3,Assumptions!$B$13,IF(M2<=6,Assumptions!$B$14,Assumptions!$B$15))) -> 75 | S2: =IF(N2="Completed On Time",Assumptions!$B$16,IF(N2="Completed Late",Assumptions!$B$17,Assumptions!$B$18)) -> 100 | T2: =IF(I2=0,Assumptions!$B$20,IF(H2>I2,Assumptions!$B$19,IF(H2=I2,Assumptions!$B$20,Assumptions!$B$21))) -> 100 | U2: =ROUND(P2*Assumptions!$B$2+Q2*Assumptions!$B$3+R2*Assumptions!$B$4+S2*Assumptions!$B$5+T2*Assumptions!$B$6,0) -> 90 | V2: =IF(U2>=Assumptions!$B$10,"Healthy",IF(U2>=Assumptions!$B$11,"Needs Attention","High Risk")) -> Healthy
A3: ACC-12541 | B3: Blueflow Group | C3: Enterprise | D3: Enterprise | E3: North America | F3: Rahul Mehta | G3: 2027-12-01 | H3: 34785 | I3: 29655 | J3: 0.745 | K3: 9 | L3: 7 | M3: 2 | N3: Completed On Time | O3: =H3*12 -> 417420 | P3: =MIN(100,ROUND(100*J3/Assumptions!$B$8,0)) -> 83 | Q3: =IF(L3="",Assumptions!$B$9,L3*10) -> 70 | R3: =IF(M3<=1,Assumptions!$B$12,IF(M3<=3,Assumptions!$B$13,IF(M3<=6,Assumptions!$B$14,Assumptions!$B$15))) -> 75 | S3: =IF(N3="Completed On Time",Assumptions!$B$16,IF(N3="Completed Late",Assumptions!$B$17,Assumptions!$B$18)) -> 100 | T3: =IF(I3=0,Assumptions!$B$20,IF(H3>I3,Assumptions!$B$19,IF(H3=I3,Assumptions!$B$20,Assumptions!$B$21))) -> 100 | U3: =ROUND(P3*Assumptions!$B$2+Q3*Assumptions!$B$3+R3*Assumptions!$B$4+S3*Assumptions!$B$5+T3*Assumptions!$B$6,0) -> 84 | V3: =IF(U3>=Assumptions!$B$10,"Healthy",IF(U3>=Assumptions!$B$11,"Needs Attention","High Risk")) -> Healthy
A4: ACC-10519 | B4: Novapoint LLC | C4: Enterprise | D4: Enterprise | E4: LATAM | F4: Aisha Khan | G4: 2027-03-01 | H4: 34515 | I4: 34515 | J4: 0.79 | K4: 10.7 | L4: 8 | M4: 6 | N4: Completed On Time | O4: =H4*12 -> 414180 | P4: =MIN(100,ROUND(100*J4/Assumptions!$B$8,0)) -> 88 | Q4: =IF(L4="",Assumptions!$B$9,L4*10) -> 80 | R4: =IF(M4<=1,Assumptions!$B$12,IF(M4<=3,Assumptions!$B$13,IF(M4<=6,Assumptions!$B$14,Assumptions!$B$15))) -> 50 | S4: =IF(N4="Completed On Time",Assumptions!$B$16,IF(N4="Completed Late",Assumptions!$B$17,Assumptions!$B$18)) -> 100 | T4: =IF(I4=0,Assumptions!$B$20,IF(H4>I4,Assumptions!$B$19,IF(H4=I4,Assumptions!$B$20,Assumptions!$B$21))) -> 70 | U4: =ROUND(P4*Assumptions!$B$2+Q4*Assumptions!$B$3+R4*Assumptions!$B$4+S4*Assumptions!$B$5+T4*Assumptions!$B$6,0) -> 78 | V4: =IF(U4>=Assumptions!$B$10,"Healthy",IF(U4>=Assumptions!$B$11,"Needs Attention","High Risk")) -> Needs Attention
A5: ACC-11133 | B5: Atlasly Inc | C5: Enterprise | D5: Enterprise | E5: EMEA | F5: Priya Sharma | G5: 2027-12-01 | H5: 32985 | I5: 32985 | J5: 0.835 | K5: 10 | L5: 8 | M5: 4 | N5: Completed On Time | O5: =H5*12 -> 395820 | P5: =MIN(100,ROUND(100*J5/Assumptions!$B$8,0)) -> 93 | Q5: =IF(L5="",Assumptions!$B$9,L5*10) -> 80 | R5: =IF(M5<=1,Assumptions!$B$12,IF(M5<=3,Assumptions!$B$13,IF(M5<=6,Assumptions!$B$14,Assumptions!$B$15))) -> 50 | S5: =IF(N5="Completed On Time",Assumptions!$B$16,IF(N5="Completed Late",Assumptions!$B$17,Assumptions!$B$18)) -> 100 | T5: =IF(I5=0,Assumptions!$B$20,IF(H5>I5,Assumptions!$B$19,IF(H5=I5,Assumptions!$B$20,Assumptions!$B$21))) -> 70 | U5: =ROUND(P5*Assumptions!$B$2+Q5*Assumptions!$B$3+R5*Assumptions!$B$4+S5*Assumptions!$B$5+T5*Assumptions!$B$6,0) -> 80 | V5: =IF(U5>=Assumptions!$B$10,"Healthy",IF(U5>=Assumptions!$B$11,"Needs Attention","High Risk")) -> Healthy
A6: ACC-12426 | B6: Primeflow Co | C6: Enterprise | D6: Enterprise | E6: APAC | F6: Sofia Alvarez | G6: 2027-02-01 | H6: 32760 | I6: 32760 | J6: 0.555 | K6: 7 | L6: 7 | M6: 10 | N6: Completed On Time | O6: =H6*12 -> 393120 | P6: =MIN(100,ROUND(100*J6/Assumptions!$B$8,0)) -> 62 | Q6: =IF(L6="",Assumptions!$B$9,L6*10) -> 70 | R6: =IF(M6<=1,Assumptions!$B$12,IF(M6<=3,Assumptions!$B$13,IF(M6<=6,Assumptions!$B$14,Assumptions!$B$15))) -> 20 | S6: =IF(N6="Completed On Time",Assumptions!$B$16,IF(N6="Completed Late",Assumptions!$B$17,Assumptions!$B$18)) -> 100 | T6: =IF(I6=0,Assumptions!$B$20,IF(H6>I6,Assumptions!$B$19,IF(H6=I6,Assumptions!$B$20,Assumptions!$B$21))) -> 70 | U6: =ROUND(P6*Assumptions!$B$2+Q6*Assumptions!$B$3+R6*Assumptions!$B$4+S6*Assumptions!$B$5+T6*Assumptions!$B$6,0) -> 63 | V6: =IF(U6>=Assumptions!$B$10,"Healthy",IF(U6>=Assumptions!$B$11,"Needs Attention","High Risk")) -> High Risk
A7: ACC-11722 | B7: Apexwave Systems | C7: Enterprise | D7: Enterprise | E7: North America | F7: Rahul Mehta | G7: 2027-11-01 | H7: 31275 | I7: 31275 | J7: 0.894 | K7: 11 | L7: 10 | M7: 1 | N7: Completed On Time | O7: =H7*12 -> 375300 | P7: =MIN(100,ROUND(100*J7/Assumptions!$B$8,0)) -> 99 | Q7: =IF(L7="",Assumptions!$B$9,L7*10) -> 100 | R7: =IF(M7<=1,Assumptions!$B$12,IF(M7<=3,Assumptions!$B$13,IF(M7<=6,Assumptions!$B$14,Assumptions!$B$15))) -> 100 | S7: =IF(N7="Completed On Time",Assumptions!$B$16,IF(N7="Completed Late",Assumptions!$B$17,Assumptions!$B$18)) -> 100 | T7: =IF(I7=0,Assumptions!$B$20,IF(H7>I7,Assumptions!$B$19,IF(H7=I7,Assumptions!$B$20,Assumptions!$B$21))) -> 70 | U7: =ROUND(P7*Assumptions!$B$2+Q7*Assumptions!$B$3+R7*Assumptions!$B$4+S7*Assumptions!$B$5+T7*Assumptions!$B$6,0) -> 94 | V7: =IF(U7>=Assumptions!$B$10,"Healthy",IF(U7>=Assumptions!$B$11,"Needs Attention","High Risk")) -> Healthy
A8: ACC-12504 | B8: Orbitworks LLC | C8: Enterprise | D8: Enterprise | E8: APAC | F8: Lucas Martin | G8: 2027-04-01 | H8: 30195 | I8: 30195 | J8: 0.747 | K8: 9.3 | L8: 9 | M8: 2 | N8: Completed On Time | O8: =H8*12 -> 362340 | P8: =MIN(100,ROUND(100*J8/Assumptions!$B$8,0)) -> 83 | Q8: =IF(L8="",Assumptions!$B$9,L8*10) -> 90 | R8: =IF(M8<=1,Assumptions!$B$12,IF(M8<=3,Assumptions!$B$13,IF(M8<=6,Assumptions!$B$14,Assumptions!$B$15))) -> 75 | S8: =IF(N8="Completed On Time",Assumptions!$B$16,IF(N8="Completed Late",Assumptions!$B$17,Assumptions!$B$18)) -> 100 | T8: =IF(I8=0,Assumptions!$B$20,IF(H8>I8,Assumptions!$B$19,IF(H8=I8,Assumptions!$B$20,Assumptions!$B$21))) -> 70 | U8: =ROUND(P8*Assumptions!$B$2+Q8*Assumptions!$B$3+R8*Assumptions!$B$4+S8*Assumptions!$B$5+T8*Assumptions!$B$6,0) -> 82 | V8: =IF(U8>=Assumptions!$B$10,"Healthy",IF(U8>=Assumptions!$B$11,"Needs Attention","High Risk")) -> Healthy
A9: ACC-10374 | B9: Clearbridge Ltd | C9: Enterprise | D9: Enterprise | E9: APAC | F9: Aisha Khan | G9: 2027-06-01 | H9: 29925 | I9: 29925 | J9: 0.646 | K9: 7.7 | L9: 8 | M9: 9 | N9: Completed Late | O9: =H9*12 -> 359100 | P9: =MIN(100,ROUND(100*J9/Assumptions!$B$8,0)) -> 72 | Q9: =IF(L9="",Assumptions!$B$9,L9*10) -> 80 | R9: =IF(M9<=1,Assumptions!$B$12,IF(M9<=3,Assumptions!$B$13,IF(M9<=6,Assumptions!$B$14,Assumptions!$B$15))) -> 20 | S9: =IF(N9="Completed On Time",Assumptions!$B$16,IF(N9="Completed Late",Assumptions!$B$17,Assumptions!$B$18)) -> 60 | T9: =IF(I9=0,Assumptions!$B$20,IF(H9>I9,Assumptions!$B$19,IF(H9=I9,Assumptions!$B$20,Assumptions!$B$21))) -> 70 | U9: =ROUND(P9*Assumptions!$B$2+Q9*Assumptions!$B$3+R9*Assumptions!$B$4+S9*Assumptions!$B$5+T9*Assumptions!$B$6,0) -> 64 | V9: =IF(U9>=Assumptions!$B$10,"Healthy",IF(U9>=Assumptions!$B$11,"Needs Attention","High Risk")) -> High Risk
A10: ACC-11225 | B10: Trueline Ltd | C10: Enterprise | D10: Enterprise | E10: North America | F10: James Carter | G10: 2027-05-01 | H10: 29925 | I10: 29925 | J10: 0.823 | K10: 10 | L10: 10 | M10: 4 | N10: Completed On Time | O10: =H10*12 -> 359100 | P10: =MIN(100,ROUND(100*J10/Assumptions!$B$8,0)) -> 91 | Q10: =IF(L10="",Assumptions!$B$9,L10*10) -> 100 | R10: =IF(M10<=1,Assumptions!$B$12,IF(M10<=3,Assumptions!$B$13,IF(M10<=6,Assumptions!$B$14,Assumptions!$B$15))) -> 50 | S10: =IF(N10="Completed On Time",Assumptions!$B$16,IF(N10="Completed Late",Assumptions!$B$17,Assumptions!$B$18)) -> 100 | T10: =IF(I10=0,Assumptions!$B$20,IF(H10>I10,Assumptions!$B$19,IF(H10=I10,Assumptions!$B$20,Assumptions!$B$21))) -> 70 | U10: =ROUND(P10*Assumptions!$B$2+Q10*Assumptions!$B$3+R10*Assumptions!$B$4+S10*Assumptions!$B$5+T10*Assumptions!$B$6,0) -> 83 | V10: =IF(U10>=Assumptions!$B$10,"Healthy",IF(U10>=Assumptions!$B$11,"Needs Attention","High Risk")) -> Healthy
A11: ACC-12391 | B11: Lumenlogic Ltd | C11: Enterprise | D11: Enterprise | E11: EMEA | F11: Neha Iyer | G11: 2027-11-01 | H11: 29745 | I11: 29745 | J11: 0.751 | K11: 8 | L11: 8 | M11: 6 | N11: Completed On Time | O11: =H11*12 -> 356940 | P11: =MIN(100,ROUND(100*J11/Assumptions!$B$8,0)) -> 83 | Q11: =IF(L11="",Assumptions!$B$9,L11*10) -> 80 | R11: =IF(M11<=1,Assumptions!$B$12,IF(M11<=3,Assumptions!$B$13,IF(M11<=6,Assumptions!$B$14,Assumptions!$B$15))) -> 50 | S11: =IF(N11="Completed On Time",Assumptions!$B$16,IF(N11="Completed Late",Assumptions!$B$17,Assumptions!$B$18)) -> 100 | T11: =IF(I11=0,Assumptions!$B$20,IF(H11>I11,Assumptions!$B$19,IF(H11=I11,Assumptions!$B$20,Assumptions!$B$21))) -> 70 | U11: =ROUND(P11*Assumptions!$B$2+Q11*Assumptions!$B$3+R11*Assumptions!$B$4+S11*Assumptions!$B$5+T11*Assumptions!$B$6,0) -> 77 | V11: =IF(U11>=Assumptions!$B$10,"Healthy",IF(U11>=Assumptions!$B$11,"Needs Attention","High Risk")) -> Needs Attention
A12: ACC-10382 | B12: Coreforge Co | C12: Enterprise | D12: Enterprise | E12: LATAM | F12: Priya Sharma | G12: 2027-06-01 | H12: 28125 | I12: 23175 | J12: 0.679 | K12: 7.3 | L12: 7 | M12: 8 | N12: Completed Late | O12: =H12*12 -> 337500 | P12: =MIN(100,ROUND(100*J12/Assumptions!$B$8,0)) -> 75 | Q12: =IF(L12="",Assumptions!$B$9,L12*10) -> 70 | R12: =IF(M12<=1,Assumptions!$B$12,IF(M12<=3,Assumptions!$B$13,IF(M12<=6,Assumptions!$B$14,Assumptions!$B$15))) -> 20 | S12: =IF(N12="Completed On Time",Assumptions!$B$16,IF(N12="Completed Late",Assumptions!$B$17,Assumptions!$B$18)) -> 60 | T12: =IF(I12=0,Assumptions!$B$20,IF(H12>I12,Assumptions!$B$19,IF(H12=I12,Assumptions!$B$20,Assumptions!$B$21))) -> 100 | U12: =ROUND(P12*Assumptions!$B$2+Q12*Assumptions!$B$3+R12*Assumptions!$B$4+S12*Assumptions!$B$5+T12*Assumptions!$B$6,0) -> 69 | V12: =IF(U12>=Assumptions!$B$10,"Healthy",IF(U12>=Assumptions!$B$11,"Needs Attention","High Risk")) -> Needs Attention
A13: ACC-12420 | B13: Clearly Inc | C13: Enterprise | D13: Enterprise | E13: North America | F13: Sofia Alvarez | G13: 2027-09-01 | H13: 28035 | I13: 28035 | J13: 0.775 | K13: 10.3 | L13: 8 | M13: 2 | N13: Completed On Time | O13: =H13*12 -> 336420 | P13: =MIN(100,ROUND(100*J13/Assumptions!$B$8,0)) -> 86 | Q13: =IF(L13="",Assumptions!$B$9,L13*10) -> 80 | R13: =IF(M13<=1,Assumptions!$B$12,IF(M13<=3,Assumptions!$B$13,IF(M13<=6,Assumptions!$B$14,Assumptions!$B$15))) -> 75 | S13: =IF(N13="Completed On Time",Assumptions!$B$16,IF(N13="Completed Late",Assumptions!$B$17,Assumptions!$B$18)) -> 100 | T13: =IF(I13=0,Assumptions!$B$20,IF(H13>I13,Assumptions!$B$19,IF(H13=I13,Assumptions!$B$20,Assumptions!$B$21))) -> 70 | U13: =ROUND(P13*Assumptions!$B$2+Q13*Assumptions!$B$3+R13*Assumptions!$B$4+S13*Assumptions!$B$5+T13*Assumptions!$B$6,0) -> 81 | V13: =IF(U13>=Assumptions!$B$10,"Healthy",IF(U13>=Assumptions!$B$11,"Needs Attention","High Risk")) -> Healthy
... A29: ACC-11929 | B29: Northworks Group | C29: Enterprise | D29: Enterprise | E29: EMEA | F29: Neha Iyer | G29: 2027-11-01 | H29: 25695 | I29: 25695 | J29: 0.572 | K29: 7 | L29: 4 | M29: 6 | N29: Completed Late | O29: =H29*12 -> 308340 | P29: =MIN(100,ROUND(100*J29/Assumptions!$B$8,0)) -> 64 | Q29: =IF(L29="",Assumptions!$B$9,L29*10) -> 40 | R29: =IF(M29<=1,Assumptions!$B$12,IF(M29<=3,Assumptions!$B$13,IF(M29<=6,Assumptions!$B$14,Assumptions!$B$15))) -> 50 | S29: =IF(N29="Completed On Time",Assumptions!$B$16,IF(N29="Completed Late",Assumptions!$B$17,Assumptions!$B$18)) -> 60 | T29: =IF(I29=0,Assumptions!$B$20,IF(H29>I29,Assumptions!$B$19,IF(H29=I29,Assumptions!$B$20,Assumptions!$B$21))) -> 70 | U29: =ROUND(P29*Assumptions!$B$2+Q29*Assumptions!$B$3+R29*Assumptions!$B$4+S29*Assumptions!$B$5+T29*Assumptions!$B$6,0) -> 58 | V29: =IF(U29>=Assumptions!$B$10,"Healthy",IF(U29>=Assumptions!$B$11,"Needs Attention","High Risk")) -> High Risk
A30: ACC-10666 | B30: Corely Group | C30: Enterprise | D30: Enterprise | E30: North America | F30: Emily Chen | G30: 2027-08-01 | H30: 25515 | I30: 0 | J30: 0.715 | K30: 10 | M30: 4 | N30: In Progress | O30: =H30*12 -> 306180 | P30: =MIN(100,ROUND(100*J30/Assumptions!$B$8,0)) -> 79 | Q30: =IF(L30="",Assumptions!$B$9,L30*10) -> 50 | R30: =IF(M30<=1,Assumptions!$B$12,IF(M30<=3,Assumptions!$B$13,IF(M30<=6,Assumptions!$B$14,Assumptions!$B$15))) -> 50 | S30: =IF(N30="Completed On Time",Assumptions!$B$16,IF(N30="Completed Late",Assumptions!$B$17,Assumptions!$B$18)) -> 50 | T30: =IF(I30=0,Assumptions!$B$20,IF(H30>I30,Assumptions!$B$19,IF(H30=I30,Assumptions!$B$20,Assumptions!$B$21))) -> 70 | U30: =ROUND(P30*Assumptions!$B$2+Q30*Assumptions!$B$3+R30*Assumptions!$B$4+S30*Assumptions!$B$5+T30*Assumptions!$B$6,0) -> 64 | V30: =IF(U30>=Assumptions!$B$10,"Healthy",IF(U30>=Assumptions!$B$11,"Needs Attention","High Risk")) -> High Risk
A31: ACC-10295 | B31: Urbanwave Group | C31: Enterprise | D31: Enterprise | E31: EMEA | F31: Daniel Brooks | G31: 2027-01-01 | H31: 25200 | I31: 25200 | J31: 0.594 | K31: 8 | L31: 6 | M31: 3 | N31: Completed On Time | O31: =H31*12 -> 302400 | P31: =MIN(100,ROUND(100*J31/Assumptions!$B$8,0)) -> 66 | Q31: =IF(L31="",Assumptions!$B$9,L31*10) -> 60 | R31: =IF(M31<=1,Assumptions!$B$12,IF(M31<=3,Assumptions!$B$13,IF(M31<=6,Assumptions!$B$14,Assumptions!$B$15))) -> 75 | S31: =IF(N31="Completed On Time",Assumptions!$B$16,IF(N31="Completed Late",Assumptions!$B$17,Assumptions!$B$18)) -> 100 | T31: =IF(I31=0,Assumptions!$B$20,IF(H31>I31,Assumptions!$B$19,IF(H31=I31,Assumptions!$B$20,Assumptions!$B$21))) -> 70 | U31: =ROUND(P31*Assumptions!$B$2+Q31*Assumptions!$B$3+R31*Assumptions!$B$4+S31*Assumptions!$B$5+T31*Assumptions!$B$6,0) -> 70 | V31: =IF(U31>=Assumptions!$B$10,"Healthy",IF(U31>=Assumptions!$B$11,"Needs Attention","High Risk")) -> Needs Attention
A32: ACC-10351 | B32: Apexsphere Inc | C32: Enterprise | D32: Enterprise | E32: APAC | F32: Lucas Martin | G32: 2027-10-01 | H32: 24975 | I32: 24975 | J32: 0.733 | K32: 10 | L32: 8 | M32: 5 | N32: Completed On Time | O32: =H32*12 -> 299700 | P32: =MIN(100,ROUND(100*J32/Assumptions!$B$8,0)) -> 81 | Q32: =IF(L32="",Assumptions!$B$9,L32*10) -> 80 | R32: =IF(M32<=1,Assumptions!$B$12,IF(M32<=3,Assumptions!$B$13,IF(M32<=6,Assumptions!$B$14,Assumptions!$B$15))) -> 50 | S32: =IF(N32="Completed On Time",Assumptions!$B$16,IF(N32="Completed Late",Assumptions!$B$17,Assumptions!$B$18)) -> 100 | T32: =IF(I32=0,Assumptions!$B$20,IF(H32>I32,Assumptions!$B$19,IF(H32=I32,Assumptions!$B$20,Assumptions!$B$21))) -> 70 | U32: =ROUND(P32*Assumptions!$B$2+Q32*Assumptions!$B$3+R32*Assumptions!$B$4+S32*Assumptions!$B$5+T32*Assumptions!$B$6,0) -> 76 | V32: =IF(U32>=Assumptions!$B$10,"Healthy",IF(U32>=Assumptions!$B$11,"Needs Attention","High Risk")) -> Needs Attention
A33: ACC-12177 | B33: Urbanlabs Solutions | C33: Enterprise | D33: Enterprise | E33: APAC | F33: Lucas Martin | G33: 2027-06-01 | H33: 24930 | I33: 24930 | J33: 0.695 | K33: 8.3 | L33: 7 | M33: 8 | N33: Completed On Time | O33: =H33*12 -> 299160 | P33: =MIN(100,ROUND(100*J33/Assumptions!$B$8,0)) -> 77 | Q33: =IF(L33="",Assumptions!$B$9,L33*10) -> 70 | R33: =IF(M33<=1,Assumptions!$B$12,IF(M33<=3,Assumptions!$B$13,IF(M33<=6,Assumptions!$B$14,Assumptions!$B$15))) -> 20 | S33: =IF(N33="Completed On Time",Assumptions!$B$16,IF(N33="Completed Late",Assumptions!$B$17,Assumptions!$B$18)) -> 100 | T33: =IF(I33=0,Assumptions!$B$20,IF(H33>I33,Assumptions!$B$19,IF(H33=I33,Assumptions!$B$20,Assumptions!$B$21))) -> 70 | U33: =ROUND(P33*Assumptions!$B$2+Q33*Assumptions!$B$3+R33*Assumptions!$B$4+S33*Assumptions!$B$5+T33*Assumptions!$B$6,0) -> 68 | V33: =IF(U33>=Assumptions!$B$10,"Healthy",IF(U33>=Assumptions!$B$11,"Needs Attention","High Risk")) -> Needs Attention
A34: ACC-11005 | B34: Novaworks Ltd | C34: Enterprise | D34: Enterprise | E34: North America | F34: Aisha Khan | G34: 2027-06-01 | H34: 24570 | I34: 24570 | J34: 0.766 | K34: 10 | L34: 9 | M34: 2 | N34: Completed On Time | O34: =H34*12 -> 294840 | P34: =MIN(100,ROUND(100*J34/Assumptions!$B$8,0)) -> 85 | Q34: =IF(L34="",Assumptions!$B$9,L34*10) -> 90 | R34: =IF(M34<=1,Assumptions!$B$12,IF(M34<=3,Assumptions!$B$13,IF(M34<=6,Assumptions!$B$14,Assumptions!$B$15))) -> 75 | S34: =IF(N34="Completed On Time",Assumptions!$B$16,IF(N34="Completed Late",Assumptions!$B$17,Assumptions!$B$18)) -> 100 | T34: =IF(I34=0,Assumptions!$B$20,IF(H34>I34,Assumptions!$B$19,IF(H34=I34,Assumptions!$B$20,Assumptions!$B$21))) -> 70 | U34: =ROUND(P34*Assumptions!$B$2+Q34*Assumptions!$B$3+R34*Assumptions!$B$4+S34*Assumptions!$B$5+T34*Assumptions!$B$6,0) -> 83 | V34: =IF(U34>=Assumptions!$B$10,"Healthy",IF(U34>=Assumptions!$B$11,"Needs Attention","High Risk")) -> Healthy
A35: ACC-10864 | B35: Vertexworks Group | C35: Enterprise | D35: Enterprise | E35: EMEA | F35: Priya Sharma | G35: 2027-01-01 | H35: 24525 | I35: 19980 | J35: 0.754 | K35: 8.7 | L35: 6 | M35: 7 | N35: Completed On Time | O35: =H35*12 -> 294300 | P35: =MIN(100,ROUND(100*J35/Assumptions!$B$8,0)) -> 84 | Q35: =IF(L35="",Assumptions!$B$9,L35*10) -> 60 | R35: =IF(M35<=1,Assumptions!$B$12,IF(M35<=3,Assumptions!$B$13,IF(M35<=6,Assumptions!$B$14,Assumptions!$B$15))) -> 20 | S35: =IF(N35="Completed On Time",Assumptions!$B$16,IF(N35="Completed Late",Assumptions!$B$17,Assumptions!$B$18)) -> 100 | T35: =IF(I35=0,Assumptions!$B$20,IF(H35>I35,Assumptions!$B$19,IF(H35=I35,Assumptions!$B$20,Assumptions!$B$21))) -> 100 | U35: =ROUND(P35*Assumptions!$B$2+Q35*Assumptions!$B$3+R35*Assumptions!$B$4+S35*Assumptions!$B$5+T35*Assumptions!$B$6,0) -> 74 | V35: =IF(U35>=Assumptions!$B$10,"Healthy",IF(U35>=Assumptions!$B$11,"Needs Attention","High Risk")) -> Needs Attention
A36: ACC-11289 | B36: Urbanmind Systems | C36: Enterprise | D36: Enterprise | E36: North America | F36: Neha Iyer | G36: 2027-06-01 | H36: 24525 | I36: 24525 | J36: 0.859 | K36: 10.3 | L36: 10 | M36: 2 | N36: Completed On Time | O36: =H36*12 -> 294300 | P36: =MIN(100,ROUND(100*J36/Assumptions!$B$8,0)) -> 95 | Q36: =IF(L36="",Assumptions!$B$9,L36*10) -> 100 | R36: =IF(M36<=1,Assumptions!$B$12,IF(M36<=3,Assumptions!$B$13,IF(M36<=6,Assumptions!$B$14,Assumptions!$B$15))) -> 75 | S36: =IF(N36="Completed On Time",Assumptions!$B$16,IF(N36="Completed Late",Assumptions!$B$17,Assumptions!$B$18)) -> 100 | T36: =IF(I36=0,Assumptions!$B$20,IF(H36>I36,Assumptions!$B$19,IF(H36=I36,Assumptions!$B$20,Assumptions!$B$21))) -> 70 | U36: =ROUND(P36*Assumptions!$B$2+Q36*Assumptions!$B$3+R36*Assumptions!$B$4+S36*Assumptions!$B$5+T36*Assumptions!$B$6,0) -> 89 | V36: =IF(U36>=Assumptions!$B$10,"Healthy",IF(U36>=Assumptions!$B$11,"Needs Attention","High Risk")) -> Healthy
A37: ACC-11958 | B37: Vertexmind Solutions | C37: Enterprise | D37: Enterprise | E37: EMEA | F37: James Carter | G37: 2027-12-01 | H37: 24345 | I37: 18990 | J37: 0.941 | K37: 11.3 | L37: 10 | M37: 3 | N37: Completed On Time | O37: =H37*12 -> 292140 | P37: =MIN(100,ROUND(100*J37/Assumptions!$B$8,0)) -> 100 | Q37: =IF(L37="",Assumptions!$B$9,L37*10) -> 100 | R37: =IF(M37<=1,Assumptions!$B$12,IF(M37<=3,Assumptions!$B$13,IF(M37<=6,Assumptions!$B$14,Assumptions!$B$15))) -> 75 | S37: =IF(N37="Completed On Time",Assumptions!$B$16,IF(N37="Completed Late",Assumptions!$B$17,Assumptions!$B$18)) -> 100 | T37: =IF(I37=0,Assumptions!$B$20,IF(H37>I37,Assumptions!$B$19,IF(H37=I37,Assumptions!$B$20,Assumptions!$B$21))) -> 100 | U37: =ROUND(P37*Assumptions!$B$2+Q37*Assumptions!$B$3+R37*Assumptions!$B$4+S37*Assumptions!$B$5+T37*Assumptions!$B$6,0) -> 96 | V37: =IF(U37>=Assumptions!$B$10,"Healthy",IF(U37>=Assumptions!$B$11,"Needs Attention","High Risk")) -> Healthy
A38: ACC-11206 | B38: Greencraft Inc | C38: Enterprise | D38: Enterprise | E38: APAC | F38: Emily Chen | G38: 2027-04-01 | H38: 24300 | I38: 24300 | J38: 0.612 | K38: 7.3 | L38: 6 | M38: 6 | N38: Completed On Time | O38: =H38*12 -> 291600 | P38: =MIN(100,ROUND(100*J38/Assumptions!$B$8,0)) -> 68 | Q38: =IF(L38="",Assumptions!$B$9,L38*10) -> 60 | R38: =IF(M38<=1,Assumptions!$B$12,IF(M38<=3,Assumptions!$B$13,IF(M38<=6,Assumptions!$B$14,Assumptions!$B$15))) -> 50 | S38: =IF(N38="Completed On Time",Assumptions!$B$16,IF(N38="Completed Late",Assumptions!$B$17,Assumptions!$B$18)) -> 100 | T38: =IF(I38=0,Assumptions!$B$20,IF(H38>I38,Assumptions!$B$19,IF(H38=I38,Assumptions!$B$20,Assumptions!$B$21))) -> 70 | U38: =ROUND(P38*Assumptions!$B$2+Q38*Assumptions!$B$3+R38*Assumptions!$B$4+S38*Assumptions!$B$5+T38*Assumptions!$B$6,0) -> 67 | V38: =IF(U38>=Assumptions!$B$10,"Healthy",IF(U38>=Assumptions!$B$11,"Needs Attention","High Risk")) -> Needs Attention
A39: ACC-10096 | B39: Primegrid Systems | C39: Enterprise | D39: Enterprise | E39: APAC | F39: Emily Chen | G39: 2027-07-01 | H39: 24165 | I39: 24165 | J39: 0.762 | K39: 9 | L39: 8 | M39: 0 | N39: Completed Late | O39: =H39*12 -> 289980 | P39: =MIN(100,ROUND(100*J39/Assumptions!$B$8,0)) -> 85 | Q39: =IF(L39="",Assumptions!$B$9,L39*10) -> 80 | R39: =IF(M39<=1,Assumptions!$B$12,IF(M39<=3,Assumptions!$B$13,IF(M39<=6,Assumptions!$B$14,Assumptions!$B$15))) -> 100 | S39: =IF(N39="Completed On Time",Assumptions!$B$16,IF(N39="Completed Late",Assumptions!$B$17,Assumptions!$B$18)) -> 60 | T39: =IF(I39=0,Assumptions!$B$20,IF(H39>I39,Assumptions!$B$19,IF(H39=I39,Assumptions!$B$20,Assumptions!$B$21))) -> 70 | U39: =ROUND(P39*Assumptions!$B$2+Q39*Assumptions!$B$3+R39*Assumptions!$B$4+S39*Assumptions!$B$5+T39*Assumptions!$B$6,0) -> 81 | V39: =IF(U39>=Assumptions!$B$10,"Healthy",IF(U39>=Assumptions!$B$11,"Needs Attention","High Risk")) -> Healthy
A40: ACC-11762 | B40: Boldforge Ltd | C40: Enterprise | D40: Enterprise | E40: EMEA | F40: James Carter | G40: 2027-07-01 | H40: 24030 | I40: 0 | J40: 0.752 | K40: 10 | M40: 5 | N40: In Progress | O40: =H40*12 -> 288360 | P40: =MIN(100,ROUND(100*J40/Assumptions!$B$8,0)) -> 84 | Q40: =IF(L40="",Assumptions!$B$9,L40*10) -> 50 | R40: =IF(M40<=1,Assumptions!$B$12,IF(M40<=3,Assumptions!$B$13,IF(M40<=6,Assumptions!$B$14,Assumptions!$B$15))) -> 50 | S40: =IF(N40="Completed On Time",Assumptions!$B$16,IF(N40="Completed Late",Assumptions!$B$17,Assumptions!$B$18)) -> 50 | T40: =IF(I40=0,Assumptions!$B$20,IF(H40>I40,Assumptions!$B$19,IF(H40=I40,Assumptions!$B$20,Assumptions!$B$21))) -> 70 | U40: =ROUND(P40*Assumptions!$B$2+Q40*Assumptions!$B$3+R40*Assumptions!$B$4+S40*Assumptions!$B$5+T40*Assumptions!$B$6,0) -> 66 | V40: =IF(U40>=Assumptions!$B$10,"Healthy",IF(U40>=Assumptions!$B$11,"Needs Attention","High Risk")) -> Needs Attention
A41: ACC-11816 | B41: Primescale Ltd | C41: Enterprise | D41: Enterprise | E41: APAC | F41: Marco Rossi | G41: 2027-07-01 | H41: 23670 | I41: 23670 | J41: 0.719 | K41: 9.7 | L41: 8 | M41: 2 | N41: Completed Late | O41: =H41*12 -> 284040 | P41: =MIN(100,ROUND(100*J41/Assumptions!$B$8,0)) -> 80 | Q41: =IF(L41="",Assumptions!$B$9,L41*10) -> 80 | R41: =IF(M41<=1,Assumptions!$B$12,IF(M41<=3,Assumptions!$B$13,IF(M41<=6,Assumptions!$B$14,Assumptions!$B$15))) -> 75 | S41: =IF(N41="Completed On Time",Assumptions!$B$16,IF(N41="Completed Late",Assumptions!$B$17,Assumptions!$B$18)) -> 60 | T41: =IF(I41=0,Assumptions!$B$20,IF(H41>I41,Assumptions!$B$19,IF(H41=I41,Assumptions!$B$20,Assumptions!$B$21))) -> 70 | U41: =ROUND(P41*Assumptions!$B$2+Q41*Assumptions!$B$3+R41*Assumptions!$B$4+S41*Assumptions!$B$5+T41*Assumptions!$B$6,0) -> 75 | V41: =IF(U41>=Assumptions!$B$10,"Healthy",IF(U41>=Assumptions!$B$11,"Needs Attention","High Risk")) -> Needs Attention
A42: ACC-11542 | B42: Brightgrid Solutions | C42: Enterprise | D42: Enterprise | E42: APAC | F42: Rahul Mehta | G42: 2027-05-01 | H42: 23355 | I42: 23355 | J42: 0.662 | K42: 7.3 | L42: 7 | M42: 3 | N42: Completed Late | O42: =H42*12 -> 280260 | P42: =MIN(100,ROUND(100*J42/Assumptions!$B$8,0)) -> 74 | Q42: =IF(L42="",Assumptions!$B$9,L42*10) -> 70 | R42: =IF(M42<=1,Assumptions!$B$12,IF(M42<=3,Assumptions!$B$13,IF(M42<=6,Assumptions!$B$14,Assumptions!$B$15))) -> 75 | S42: =IF(N42="Completed On Time",Assumptions!$B$16,IF(N42="Completed Late",Assumptions!$B$17,Assumptions!$B$18)) -> 60 | T42: =IF(I42=0,Assumptions!$B$20,IF(H42>I42,Assumptions!$B$19,IF(H42=I42,Assumptions!$B$20,Assumptions!$B$21))) -> 70 | U42: =ROUND(P42*Assumptions!$B$2+Q42*Assumptions!$B$3+R42*Assumptions!$B$4+S42*Assumptions!$B$5+T42*Assumptions!$B$6,0) -> 71 | V42: =IF(U42>=Assumptions!$B$10,"Healthy",IF(U42>=Assumptions!$B$11,"Needs Attention","High Risk")) -> Needs Attention
A43: ACC-12463 | B43: Primepoint Solutions | C43: Enterprise | D43: Enterprise | E43: EMEA | F43: Sofia Alvarez | G43: 2027-03-01 | H43: 23355 | I43: 23355 | J43: 0.732 | K43: 8 | L43: 10 | M43: 3 | N43: Completed On Time | O43: =H43*12 -> 280260 | P43: =MIN(100,ROUND(100*J43/Assumptions!$B$8,0)) -> 81 | Q43: =IF(L43="",Assumptions!$B$9,L43*10) -> 100 | R43: =IF(M43<=1,Assumptions!$B$12,IF(M43<=3,Assumptions!$B$13,IF(M43<=6,Assumptions!$B$14,Assumptions!$B$15))) -> 75 | S43: =IF(N43="Completed On Time",Assumptions!$B$16,IF(N43="Completed Late",Assumptions!$B$17,Assumptions!$B$18)) -> 100 | T43: =IF(I43=0,Assumptions!$B$20,IF(H43>I43,Assumptions!$B$19,IF(H43=I43,Assumptions!$B$20,Assumptions!$B$21))) -> 70 | U43: =ROUND(P43*Assumptions!$B$2+Q43*Assumptions!$B$3+R43*Assumptions!$B$4+S43*Assumptions!$B$5+T43*Assumptions!$B$6,0) -> 84 | V43: =IF(U43>=Assumptions!$B$10,"Healthy",IF(U43>=Assumptions!$B$11,"Needs Attention","High Risk")) -> Healthy
A44: ACC-10860 | B44: Orbitworks Ltd | C44: Enterprise | D44: Enterprise | E44: APAC | F44: James Carter | G44: 2027-06-01 | H44: 23220 | I44: 23220 | J44: 0.777 | K44: 10.7 | L44: 8 | M44: 1 | N44: Completed On Time | O44: =H44*12 -> 278640 | P44: =MIN(100,ROUND(100*J44/Assumptions!$B$8,0)) -> 86 | Q44: =IF(L44="",Assumptions!$B$9,L44*10) -> 80 | R44: =IF(M44<=1,Assumptions!$B$12,IF(M44<=3,Assumptions!$B$13,IF(M44<=6,Assumptions!$B$14,Assumptions!$B$15))) -> 100 | S44: =IF(N44="Completed On Time",Assumptions!$B$16,IF(N44="Completed Late",Assumptions!$B$17,Assumptions!$B$18)) -> 100 | T44: =IF(I44=0,Assumptions!$B$20,IF(H44>I44,Assumptions!$B$19,IF(H44=I44,Assumptions!$B$20,Assumptions!$B$21))) -> 70 | U44: =ROUND(P44*Assumptions!$B$2+Q44*Assumptions!$B$3+R44*Assumptions!$B$4+S44*Assumptions!$B$5+T44*Assumptions!$B$6,0) -> 85 | V44: =IF(U44>=Assumptions!$B$10,"Healthy",IF(U44>=Assumptions!$B$11,"Needs Attention","High Risk")) -> Healthy
A45: ACC-11798 | B45: Peakbridge Solutions | C45: Enterprise | D45: Enterprise | E45: EMEA | F45: Aisha Khan | G45: 2027-06-01 | H45: 23130 | I45: 23130 | J45: 0.846 | K45: 9.3 | L45: 10 | M45: 4 | N45: Completed On Time | O45: =H45*12 -> 277560 | P45: =MIN(100,ROUND(100*J45/Assumptions!$B$8,0)) -> 94 | Q45: =IF(L45="",Assumptions!$B$9,L45*10) -> 100 | R45: =IF(M45<=1,Assumptions!$B$12,IF(M45<=3,Assumptions!$B$13,IF(M45<=6,Assumptions!$B$14,Assumptions!$B$15))) -> 50 | S45: =IF(N45="Completed On Time",Assumptions!$B$16,IF(N45="Completed Late",Assumptions!$B$17,Assumptions!$B$18)) -> 100 | T45: =IF(I45=0,Assumptions!$B$20,IF(H45>I45,Assumptions!$B$19,IF(H45=I45,Assumptions!$B$20,Assumptions!$B$21))) -> 70 | U45: =ROUND(P45*Assumptions!$B$2+Q45*Assumptions!$B$3+R45*Assumptions!$B$4+S45*Assumptions!$B$5+T45*Assumptions!$B$6,0) -> 84 | V45: =IF(U45>=Assumptions!$B$10,"Healthy",IF(U45>=Assumptions!$B$11,"Needs Attention","High Risk")) -> Healthy
A46: ACC-10283 | B46: Greenpath Co | C46: Enterprise | D46: Enterprise | E46: APAC | F46: Rahul Mehta | G46: 2027-08-01 | H46: 23085 | I46: 23085 | J46: 0.561 | K46: 7.3 | L46: 4 | M46: 4 | N46: Completed Late | O46: =H46*12 -> 277020 | P46: =MIN(100,ROUND(100*J46/Assumptions!$B$8,0)) -> 62 | Q46: =IF(L46="",Assumptions!$B$9,L46*10) -> 40 | R46: =IF(M46<=1,Assumptions!$B$12,IF(M46<=3,Assumptions!$B$13,IF(M46<=6,Assumptions!$B$14,Assumptions!$B$15))) -> 50 | S46: =IF(N46="Completed On Time",Assumptions!$B$16,IF(N46="Completed Late",Assumptions!$B$17,Assumptions!$B$18)) -> 60 | T46: =IF(I46=0,Assumptions!$B$20,IF(H46>I46,Assumptions!$B$19,IF(H46=I46,Assumptions!$B$20,Assumptions!$B$21))) -> 70 | U46: =ROUND(P46*Assumptions!$B$2+Q46*Assumptions!$B$3+R46*Assumptions!$B$4+S46*Assumptions!$B$5+T46*Assumptions!$B$6,0) -> 57 | V46: =IF(U46>=Assumptions!$B$10,"Healthy",IF(U46>=Assumptions!$B$11,"Needs Attention","High Risk")) -> High Risk
A47: ACC-11584 | B47: Greenflow LLC | C47: Enterprise | D47: Enterprise | E47: North America | F47: Rahul Mehta | G47: 2027-01-01 | H47: 23085 | I47: 23085 | J47: 0.814 | K47: 8.3 | L47: 8 | M47: 5 | N47: Completed On Time | O47: =H47*12 -> 277020 | P47: =MIN(100,ROUND(100*J47/Assumptions!$B$8,0)) -> 90 | Q47: =IF(L47="",Assumptions!$B$9,L47*10) -> 80 | R47: =IF(M47<=1,Assumptions!$B$12,IF(M47<=3,Assumptions!$B$13,IF(M47<=6,Assumptions!$B$14,Assumptions!$B$15))) -> 50 | S47: =IF(N47="Completed On Time",Assumptions!$B$16,IF(N47="Completed Late",Assumptions!$B$17,Assumptions!$B$18)) -> 100 | T47: =IF(I47=0,Assumptions!$B$20,IF(H47>I47,Assumptions!$B$19,IF(H47=I47,Assumptions!$B$20,Assumptions!$B$21))) -> 70 | U47: =ROUND(P47*Assumptions!$B$2+Q47*Assumptions!$B$3+R47*Assumptions!$B$4+S47*Assumptions!$B$5+T47*Assumptions!$B$6,0) -> 79 | V47: =IF(U47>=Assumptions!$B$10,"Healthy",IF(U47>=Assumptions!$B$11,"Needs Attention","High Risk")) -> Needs Attention
A48: ACC-12025 | B48: Silversphere Inc | C48: Enterprise | D48: Enterprise | E48: APAC | F48: Aisha Khan | G48: 2027-08-01 | H48: 23040 | I48: 0 | J48: 0.749 | K48: 9 | M48: 3 | N48: In Progress | O48: =H48*12 -> 276480 | P48: =MIN(100,ROUND(100*J48/Assumptions!$B$8,0)) -> 83 | Q48: =IF(L48="",Assumptions!$B$9,L48*10) -> 50 | R48: =IF(M48<=1,Assumptions!$B$12,IF(M48<=3,Assumptions!$B$13,IF(M48<=6,Assumptions!$B$14,Assumptions!$B$15))) -> 75 | S48: =IF(N48="Completed On Time",Assumptions!$B$16,IF(N48="Completed Late",Assumptions!$B$17,Assumptions!$B$18)) -> 50 | T48: =IF(I48=0,Assumptions!$B$20,IF(H48>I48,Assumptions!$B$19,IF(H48=I48,Assumptions!$B$20,Assumptions!$B$21))) -> 70 | U48: =ROUND(P48*Assumptions!$B$2+Q48*Assumptions!$B$3+R48*Assumptions!$B$4+S48*Assumptions!$B$5+T48*Assumptions!$B$6,0) -> 69 | V48: =IF(U48>=Assumptions!$B$10,"Healthy",IF(U48>=Assumptions!$B$11,"Needs Attention","High Risk")) -> Needs Attention
A49: ACC-11680 | B49: Peakflow Solutions | C49: Enterprise | D49: Enterprise | E49: North America | F49: Rahul Mehta | G49: 2027-02-01 | H49: 22995 | I49: 22995 | J49: 0.761 | K49: 9 | L49: 9 | M49: 4 | N49: Completed On Time | O49: =H49*12 -> 275940 | P49: =MIN(100,ROUND(100*J49/Assumptions!$B$8,0)) -> 85 | Q49: =IF(L49="",Assumptions!$B$9,L49*10) -> 90 | R49: =IF(M49<=1,Assumptions!$B$12,IF(M49<=3,Assumptions!$B$13,IF(M49<=6,Assumptions!$B$14,Assumptions!$B$15))) -> 50 | S49: =IF(N49="Completed On Time",Assumptions!$B$16,IF(N49="Completed Late",Assumptions!$B$17,Assumptions!$B$18)) -> 100 | T49: =IF(I49=0,Assumptions!$B$20,IF(H49>I49,Assumptions!$B$19,IF(H49=I49,Assumptions!$B$20,Assumptions!$B$21))) -> 70 | U49: =ROUND(P49*Assumptions!$B$2+Q49*Assumptions!$B$3+R49*Assumptions!$B$4+S49*Assumptions!$B$5+T49*Assumptions!$B$6,0) -> 79 | V49: =IF(U49>=Assumptions!$B$10,"Healthy",IF(U49>=Assumptions!$B$11,"Needs Attention","High Risk")) -> Needs Attention
A50: ACC-10703 | B50: Atlaspath Technologies | C50: Enterprise | D50: Enterprise | E50: North America | F50: Daniel Brooks | G50: 2027-12-01 | H50: 22725 | I50: 22725 | J50: 0.745 | K50: 8.7 | L50: 6 | M50: 2 | N50: Completed On Time | O50: =H50*12 -> 272700 | P50: =MIN(100,ROUND(100*J50/Assumptions!$B$8,0)) -> 83 | Q50: =IF(L50="",Assumptions!$B$9,L50*10) -> 60 | R50: =IF(M50<=1,Assumptions!$B$12,IF(M50<=3,Assumptions!$B$13,IF(M50<=6,Assumptions!$B$14,Assumptions!$B$15))) -> 75 | S50: =IF(N50="Completed On Time",Assumptions!$B$16,IF(N50="Completed Late",Assumptions!$B$17,Assumptions!$B$18)) -> 100 | T50: =IF(I50=0,Assumptions!$B$20,IF(H50>I50,Assumptions!$B$19,IF(H50=I50,Assumptions!$B$20,Assumptions!$B$21))) -> 70 | U50: =ROUND(P50*Assumptions!$B$2+Q50*Assumptions!$B$3+R50*Assumptions!$B$4+S50*Assumptions!$B$5+T50*Assumptions!$B$6,0) -> 76 | V50: =IF(U50>=Assumptions!$B$10,"Healthy",IF(U50>=Assumptions!$B$11,"Needs Attention","High Risk")) -> Needs Attention
A51: ACC-11412 | B51: Vertexly Systems | C51: Enterprise | D51: Enterprise | E51: North America | F51: Daniel Brooks | G51: 2027-01-01 | H51: 22635 | I51: 22635 | J51: 0.618 | K51: 6 | L51: 9 | M51: 5 | N51: Completed Late | O51: =H51*12 -> 271620 | P51: =MIN(100,ROUND(100*J51/Assumptions!$B$8,0)) -> 69 | Q51: =IF(L51="",Assumptions!$B$9,L51*10) -> 90 | R51: =IF(M51<=1,Assumptions!$B$12,IF(M51<=3,Assumptions!$B$13,IF(M51<=6,Assumptions!$B$14,Assumptions!$B$15))) -> 50 | S51: =IF(N51="Completed On Time",Assumptions!$B$16,IF(N51="Completed Late",Assumptions!$B$17,Assumptions!$B$18)) -> 60 | T51: =IF(I51=0,Assumptions!$B$20,IF(H51>I51,Assumptions!$B$19,IF(H51=I51,Assumptions!$B$20,Assumptions!$B$21))) -> 70 | U51: =ROUND(P51*Assumptions!$B$2+Q51*Assumptions!$B$3+R51*Assumptions!$B$4+S51*Assumptions!$B$5+T51*Assumptions!$B$6,0) -> 70 | V51: =IF(U51>=Assumptions!$B$10,"Healthy",IF(U51>=Assumptions!$B$11,"Needs Attention","High Risk")) -> Needs Attention
A52: ACC-11780 | B52: Lumenscale Ltd | C52: Enterprise | D52: Enterprise | E52: EMEA | F52: Lucas Martin | G52: 2027-06-01 | H52: 22455 | I52: 22455 | J52: 0.643 | K52: 7.3 | L52: 8 | M52: 9 | N52: Completed On Time | O52: =H52*12 -> 269460 | P52: =MIN(100,ROUND(100*J52/Assumptions!$B$8,0)) -> 71 | Q52: =IF(L52="",Assumptions!$B$9,L52*10) -> 80 | R52: =IF(M52<=1,Assumptions!$B$12,IF(M52<=3,Assumptions!$B$13,IF(M52<=6,Assumptions!$B$14,Assumptions!$B$15))) -> 20 | S52: =IF(N52="Completed On Time",Assumptions!$B$16,IF(N52="Completed Late",Assumptions!$B$17,Assumptions!$B$18)) -> 100 | T52: =IF(I52=0,Assumptions!$B$20,IF(H52>I52,Assumptions!$B$19,IF(H52=I52,Assumptions!$B$20,Assumptions!$B$21))) -> 70 | U52: =ROUND(P52*Assumptions!$B$2+Q52*Assumptions!$B$3+R52*Assumptions!$B$4+S52*Assumptions!$B$5+T52*Assumptions!$B$6,0) -> 68 | V52: =IF(U52>=Assumptions!$B$10,"Healthy",IF(U52>=Assumptions!$B$11,"Needs Attention","High Risk")) -> Needs Attention
A53: ACC-10653 | B53: Lumenmind Group | C53: Enterprise | D53: Enterprise | E53: EMEA | F53: Sofia Alvarez | G53: 2027-01-01 | H53: 22230 | I53: 22230 | J53: 0.627 | K53: 11 | L53: 8 | M53: 1 | N53: Completed On Time | O53: =H53*12 -> 266760 | P53: =MIN(100,ROUND(100*J53/Assumptions!$B$8,0)) -> 70 | Q53: =IF(L53="",Assumptions!$B$9,L53*10) -> 80 | R53: =IF(M53<=1,Assumptions!$B$12,IF(M53<=3,Assumptions!$B$13,IF(M53<=6,Assumptions!$B$14,Assumptions!$B$15))) -> 100 | S53: =IF(N53="Completed On Time",Assumptions!$B$16,IF(N53="Completed Late",Assumptions!$B$17,Assumptions!$B$18)) -> 100 | T53: =IF(I53=0,Assumptions!$B$20,IF(H53>I53,Assumptions!$B$19,IF(H53=I53,Assumptions!$B$20,Assumptions!$B$21))) -> 70 | U53: =ROUND(P53*Assumptions!$B$2+Q53*Assumptions!$B$3+R53*Assumptions!$B$4+S53*Assumptions!$B$5+T53*Assumptions!$B$6,0) -> 80 | V53: =IF(U53>=Assumptions!$B$10,"Healthy",IF(U53>=Assumptions!$B$11,"Needs Attention","High Risk")) -> Healthy
A54: ACC-10863 | B54: Brightforge Co | C54: Enterprise | D54: Enterprise | E54: APAC | F54: Sofia Alvarez | G54: 2027-04-01 | H54: 22140 | I54: 22140 | J54: 0.751 | K54: 9.3 | L54: 9 | M54: 6 | N54: Completed On Time | O54: =H54*12 -> 265680 | P54: =MIN(100,ROUND(100*J54/Assumptions!$B$8,0)) -> 83 | Q54: =IF(L54="",Assumptions!$B$9,L54*10) -> 90 | R54: =IF(M54<=1,Assumptions!$B$12,IF(M54<=3,Assumptions!$B$13,IF(M54<=6,Assumptions!$B$14,Assumptions!$B$15))) -> 50 | S54: =IF(N54="Completed On Time",Assumptions!$B$16,IF(N54="Completed Late",Assumptions!$B$17,Assumptions!$B$18)) -> 100 | T54: =IF(I54=0,Assumptions!$B$20,IF(H54>I54,Assumptions!$B$19,IF(H54=I54,Assumptions!$B$20,Assumptions!$B$21))) -> 70 | U54: =ROUND(P54*Assumptions!$B$2+Q54*Assumptions!$B$3+R54*Assumptions!$B$4+S54*Assumptions!$B$5+T54*Assumptions!$B$6,0) -> 79 | V54: =IF(U54>=Assumptions!$B$10,"Healthy",IF(U54>=Assumptions!$B$11,"Needs Attention","High Risk")) -> Needs Attention
A55: ACC-10080 | B55: Orbitnest LLC | C55: Enterprise | D55: Enterprise | E55: North America | F55: Sofia Alvarez | G55: 2027-04-01 | H55: 21915 | I55: 21915 | J55: 0.863 | K55: 11 | L55: 9 | M55: 5 | N55: Completed On Time | O55: =H55*12 -> 262980 | P55: =MIN(100,ROUND(100*J55/Assumptions!$B$8,0)) -> 96 | Q55: =IF(L55="",Assumptions!$B$9,L55*10) -> 90 | R55: =IF(M55<=1,Assumptions!$B$12,IF(M55<=3,Assumptions!$B$13,IF(M55<=6,Assumptions!$B$14,Assumptions!$B$15))) -> 50 | S55: =IF(N55="Completed On Time",Assumptions!$B$16,IF(N55="Completed Late",Assumptions!$B$17,Assumptions!$B$18)) -> 100 | T55: =IF(I55=0,Assumptions!$B$20,IF(H55>I55,Assumptions!$B$19,IF(H55=I55,Assumptions!$B$20,Assumptions!$B$21))) -> 70 | U55: =ROUND(P55*Assumptions!$B$2+Q55*Assumptions!$B$3+R55*Assumptions!$B$4+S55*Assumptions!$B$5+T55*Assumptions!$B$6,0) -> 83 | V55: =IF(U55>=Assumptions!$B$10,"Healthy",IF(U55>=Assumptions!$B$11,"Needs Attention","High Risk")) -> Healthy
A56: ACC-12052 | B56: Atlashub Systems | C56: Enterprise | D56: Enterprise | E56: APAC | F56: Sofia Alvarez | G56: 2027-03-01 | H56: 21690 | I56: 21690 | J56: 0.775 | K56: 8.3 | L56: 7 | M56: 4 | N56: Completed Late | O56: =H56*12 -> 260280 | P56: =MIN(100,ROUND(100*J56/Assumptions!$B$8,0)) -> 86 | Q56: =IF(L56="",Assumptions!$B$9,L56*10) -> 70 | R56: =IF(M56<=1,Assumptions!$B$12,IF(M56<=3,Assumptions!$B$13,IF(M56<=6,Assumptions!$B$14,Assumptions!$B$15))) -> 50 | S56: =IF(N56="Completed On Time",Assumptions!$B$16,IF(N56="Completed Late",Assumptions!$B$17,Assumptions!$B$18)) -> 60 | T56: =IF(I56=0,Assumptions!$B$20,IF(H56>I56,Assumptions!$B$19,IF(H56=I56,Assumptions!$B$20,Assumptions!$B$21))) -> 70 | U56: =ROUND(P56*Assumptions!$B$2+Q56*Assumptions!$B$3+R56*Assumptions!$B$4+S56*Assumptions!$B$5+T56*Assumptions!$B$6,0) -> 72 | V56: =IF(U56>=Assumptions!$B$10,"Healthy",IF(U56>=Assumptions!$B$11,"Needs Attention","High Risk")) -> Needs Attention
A57: ACC-10090 | B57: Greenscale Solutions | C57: Enterprise | D57: Enterprise | E57: LATAM | F57: Neha Iyer | G57: 2027-06-01 | H57: 21375 | I57: 21375 | J57: 0.673 | K57: 9 | L57: 9 | M57: 6 | N57: Completed On Time | O57: =H57*12 -> 256500 | P57: =MIN(100,ROUND(100*J57/Assumptions!$B$8,0)) -> 75 | Q57: =IF(L57="",Assumptions!$B$9,L57*10) -> 90 | R57: =IF(M57<=1,Assumptions!$B$12,IF(M57<=3,Assumptions!$B$13,IF(M57<=6,Assumptions!$B$14,Assumptions!$B$15))) -> 50 | S57: =IF(N57="Completed On Time",Assumptions!$B$16,IF(N57="Completed Late",Assumptions!$B$17,Assumptions!$B$18)) -> 100 | T57: =IF(I57=0,Assumptions!$B$20,IF(H57>I57,Assumptions!$B$19,IF(H57=I57,Assumptions!$B$20,Assumptions!$B$21))) -> 70 | U57: =ROUND(P57*Assumptions!$B$2+Q57*Assumptions!$B$3+R57*Assumptions!$B$4+S57*Assumptions!$B$5+T57*Assumptions!$B$6,0) -> 76 | V57: =IF(U57>=Assumptions!$B$10,"Healthy",IF(U57>=Assumptions!$B$11,"Needs Attention","High Risk")) -> Needs Attention
A58: ACC-10114 | B58: Brightcraft Co | C58: Enterprise | D58: Enterprise | E58: EMEA | F58: Lucas Martin | G58: 2027-08-01 | H58: 21330 | I58: 21330 | J58: 0.628 | K58: 7.7 | L58: 10 | M58: 6 | N58: Completed Late | O58: =H58*12 -> 255960 | P58: =MIN(100,ROUND(100*J58/Assumptions!$B$8,0)) -> 70 | Q58: =IF(L58="",Assumptions!$B$9,L58*10) -> 100 | R58: =IF(M58<=1,Assumptions!$B$12,IF(M58<=3,Assumptions!$B$13,IF(M58<=6,Assumptions!$B$14,Assumptions!$B$15))) -> 50 | S58: =IF(N58="Completed On Time",Assumptions!$B$16,IF(N58="Completed Late",Assumptions!$B$17,Assumptions!$B$18)) -> 60 | T58: =IF(I58=0,Assumptions!$B$20,IF(H58>I58,Assumptions!$B$19,IF(H58=I58,Assumptions!$B$20,Assumptions!$B$21))) -> 70 | U58: =ROUND(P58*Assumptions!$B$2+Q58*Assumptions!$B$3+R58*Assumptions!$B$4+S58*Assumptions!$B$5+T58*Assumptions!$B$6,0) -> 72 | V58: =IF(U58>=Assumptions!$B$10,"Healthy",IF(U58>=Assumptions!$B$11,"Needs Attention","High Risk")) -> Needs Attention
A59: ACC-12130 | B59: Orbithub Ltd | C59: Enterprise | D59: Enterprise | E59: North America | F59: Rahul Mehta | G59: 2027-11-01 | H59: 21330 | I59: 21330 | J59: 0.681 | K59: 7.3 | L59: 8 | M59: 7 | N59: Completed On Time | O59: =H59*12 -> 255960 | P59: =MIN(100,ROUND(100*J59/Assumptions!$B$8,0)) -> 76 | Q59: =IF(L59="",Assumptions!$B$9,L59*10) -> 80 | R59: =IF(M59<=1,Assumptions!$B$12,IF(M59<=3,Assumptions!$B$13,IF(M59<=6,Assumptions!$B$14,Assumptions!$B$15))) -> 20 | S59: =IF(N59="Completed On Time",Assumptions!$B$16,IF(N59="Completed Late",Assumptions!$B$17,Assumptions!$B$18)) -> 100 | T59: =IF(I59=0,Assumptions!$B$20,IF(H59>I59,Assumptions!$B$19,IF(H59=I59,Assumptions!$B$20,Assumptions!$B$21))) -> 70 | U59: =ROUND(P59*Assumptions!$B$2+Q59*Assumptions!$B$3+R59*Assumptions!$B$4+S59*Assumptions!$B$5+T59*Assumptions!$B$6,0) -> 70 | V59: =IF(U59>=Assumptions!$B$10,"Healthy",IF(U59>=Assumptions!$B$11,"Needs Attention","High Risk")) -> Needs Attention
A60: ACC-11366 | B60: Atlaspath Co | C60: Enterprise | D60: Enterprise | E60: North America | F60: Rahul Mehta | G60: 2027-02-01 | H60: 21285 | I60: 21285 | J60: 0.787 | K60: 8.7 | L60: 7 | M60: 3 | N60: Completed Late | O60: =H60*12 -> 255420 | P60: =MIN(100,ROUND(100*J60/Assumptions!$B$8,0)) -> 87 | Q60: =IF(L60="",Assumptions!$B$9,L60*10) -> 70 | R60: =IF(M60<=1,Assumptions!$B$12,IF(M60<=3,Assumptions!$B$13,IF(M60<=6,Assumptions!$B$14,Assumptions!$B$15))) -> 75 | S60: =IF(N60="Completed On Time",Assumptions!$B$16,IF(N60="Completed Late",Assumptions!$B$17,Assumptions!$B$18)) -> 60 | T60: =IF(I60=0,Assumptions!$B$20,IF(H60>I60,Assumptions!$B$19,IF(H60=I60,Assumptions!$B$20,Assumptions!$B$21))) -> 70 | U60: =ROUND(P60*Assumptions!$B$2+Q60*Assumptions!$B$3+R60*Assumptions!$B$4+S60*Assumptions!$B$5+T60*Assumptions!$B$6,0) -> 76 | V60: =IF(U60>=Assumptions!$B$10,"Healthy",IF(U60>=Assumptions!$B$11,"Needs Attention","High Risk")) -> Needs Attention
... A94: ACC-11664 | B94: Primepoint Ltd | C94: Enterprise | D94: Enterprise | E94: EMEA | F94: Priya Sharma | G94: 2027-07-01 | H94: 16605 | I94: 16605 | J94: 0.818 | K94: 9.3 | L94: 9 | M94: 7 | N94: Completed On Time | O94: =H94*12 -> 199260 | P94: =MIN(100,ROUND(100*J94/Assumptions!$B$8,0)) -> 91 | Q94: =IF(L94="",Assumptions!$B$9,L94*10) -> 90 | R94: =IF(M94<=1,Assumptions!$B$12,IF(M94<=3,Assumptions!$B$13,IF(M94<=6,Assumptions!$B$14,Assumptions!$B$15))) -> 20 | S94: =IF(N94="Completed On Time",Assumptions!$B$16,IF(N94="Completed Late",Assumptions!$B$17,Assumptions!$B$18)) -> 100 | T94: =IF(I94=0,Assumptions!$B$20,IF(H94>I94,Assumptions!$B$19,IF(H94=I94,Assumptions!$B$20,Assumptions!$B$21))) -> 70 | U94: =ROUND(P94*Assumptions!$B$2+Q94*Assumptions!$B$3+R94*Assumptions!$B$4+S94*Assumptions!$B$5+T94*Assumptions!$B$6,0) -> 77 | V94: =IF(U94>=Assumptions!$B$10,"Healthy",IF(U94>=Assumptions!$B$11,"Needs Attention","High Risk")) -> Needs Attention
A95: ACC-12539 | B95: Vertexstack Group | C95: Enterprise | D95: Enterprise | E95: LATAM | F95: Aisha Khan | G95: 2027-07-01 | H95: 16560 | I95: 0 | J95: 0.642 | K95: 5.3 | M95: 6 | N95: In Progress | O95: =H95*12 -> 198720 | P95: =MIN(100,ROUND(100*J95/Assumptions!$B$8,0)) -> 71 | Q95: =IF(L95="",Assumptions!$B$9,L95*10) -> 50 | R95: =IF(M95<=1,Assumptions!$B$12,IF(M95<=3,Assumptions!$B$13,IF(M95<=6,Assumptions!$B$14,Assumptions!$B$15))) -> 50 | S95: =IF(N95="Completed On Time",Assumptions!$B$16,IF(N95="Completed Late",Assumptions!$B$17,Assumptions!$B$18)) -> 50 | T95: =IF(I95=0,Assumptions!$B$20,IF(H95>I95,Assumptions!$B$19,IF(H95=I95,Assumptions!$B$20,Assumptions!$B$21))) -> 70 | U95: =ROUND(P95*Assumptions!$B$2+Q95*Assumptions!$B$3+R95*Assumptions!$B$4+S95*Assumptions!$B$5+T95*Assumptions!$B$6,0) -> 61 | V95: =IF(U95>=Assumptions!$B$10,"Healthy",IF(U95>=Assumptions!$B$11,"Needs Attention","High Risk")) -> High Risk
A96: ACC-10356 | B96: Vertexscale Solutions | C96: Enterprise | D96: Enterprise | E96: EMEA | F96: James Carter | G96: 2027-01-01 | H96: 16020 | I96: 16020 | J96: 0.671 | K96: 8 | L96: 7 | M96: 5 | N96: Completed On Time | O96: =H96*12 -> 192240 | P96: =MIN(100,ROUND(100*J96/Assumptions!$B$8,0)) -> 75 | Q96: =IF(L96="",Assumptions!$B$9,L96*10) -> 70 | R96: =IF(M96<=1,Assumptions!$B$12,IF(M96<=3,Assumptions!$B$13,IF(M96<=6,Assumptions!$B$14,Assumptions!$B$15))) -> 50 | S96: =IF(N96="Completed On Time",Assumptions!$B$16,IF(N96="Completed Late",Assumptions!$B$17,Assumptions!$B$18)) -> 100 | T96: =IF(I96=0,Assumptions!$B$20,IF(H96>I96,Assumptions!$B$19,IF(H96=I96,Assumptions!$B$20,Assumptions!$B$21))) -> 70 | U96: =ROUND(P96*Assumptions!$B$2+Q96*Assumptions!$B$3+R96*Assumptions!$B$4+S96*Assumptions!$B$5+T96*Assumptions!$B$6,0) -> 72 | V96: =IF(U96>=Assumptions!$B$10,"Healthy",IF(U96>=Assumptions!$B$11,"Needs Attention","High Risk")) -> Needs Attention
A97: ACC-12229 | B97: Truebase Group | C97: Enterprise | D97: Enterprise | E97: LATAM | F97: Priya Sharma | G97: 2027-11-01 | H97: 15930 | I97: 15930 | J97: 0.687 | K97: 7.3 | L97: 7 | M97: 9 | N97: Completed On Time | O97: =H97*12 -> 191160 | P97: =MIN(100,ROUND(100*J97/Assumptions!$B$8,0)) -> 76 | Q97: =IF(L97="",Assumptions!$B$9,L97*10) -> 70 | R97: =IF(M97<=1,Assumptions!$B$12,IF(M97<=3,Assumptions!$B$13,IF(M97<=6,Assumptions!$B$14,Assumptions!$B$15))) -> 20 | S97: =IF(N97="Completed On Time",Assumptions!$B$16,IF(N97="Completed Late",Assumptions!$B$17,Assumptions!$B$18)) -> 100 | T97: =IF(I97=0,Assumptions!$B$20,IF(H97>I97,Assumptions!$B$19,IF(H97=I97,Assumptions!$B$20,Assumptions!$B$21))) -> 70 | U97: =ROUND(P97*Assumptions!$B$2+Q97*Assumptions!$B$3+R97*Assumptions!$B$4+S97*Assumptions!$B$5+T97*Assumptions!$B$6,0) -> 68 | V97: =IF(U97>=Assumptions!$B$10,"Healthy",IF(U97>=Assumptions!$B$11,"Needs Attention","High Risk")) -> Needs Attention
A98: ACC-11369 | B98: Corewave Solutions | C98: Enterprise | D98: Enterprise | E98: EMEA | F98: Priya Sharma | G98: 2027-05-01 | H98: 15885 | I98: 15885 | J98: 0.757 | K98: 9.7 | L98: 7 | M98: 2 | N98: Completed On Time | O98: =H98*12 -> 190620 | P98: =MIN(100,ROUND(100*J98/Assumptions!$B$8,0)) -> 84 | Q98: =IF(L98="",Assumptions!$B$9,L98*10) -> 70 | R98: =IF(M98<=1,Assumptions!$B$12,IF(M98<=3,Assumptions!$B$13,IF(M98<=6,Assumptions!$B$14,Assumptions!$B$15))) -> 75 | S98: =IF(N98="Completed On Time",Assumptions!$B$16,IF(N98="Completed Late",Assumptions!$B$17,Assumptions!$B$18)) -> 100 | T98: =IF(I98=0,Assumptions!$B$20,IF(H98>I98,Assumptions!$B$19,IF(H98=I98,Assumptions!$B$20,Assumptions!$B$21))) -> 70 | U98: =ROUND(P98*Assumptions!$B$2+Q98*Assumptions!$B$3+R98*Assumptions!$B$4+S98*Assumptions!$B$5+T98*Assumptions!$B$6,0) -> 79 | V98: =IF(U98>=Assumptions!$B$10,"Healthy",IF(U98>=Assumptions!$B$11,"Needs Attention","High Risk")) -> Needs Attention
A99: ACC-11028 | B99: Vertexflow Technologies | C99: Enterprise | D99: Enterprise | E99: North America | F99: Emily Chen | G99: 2027-10-01 | H99: 15570 | I99: 15570 | J99: 0.704 | K99: 9.7 | L99: 8 | M99: 1 | N99: Completed On Time | O99: =H99*12 -> 186840 | P99: =MIN(100,ROUND(100*J99/Assumptions!$B$8,0)) -> 78 | Q99: =IF(L99="",Assumptions!$B$9,L99*10) -> 80 | R99: =IF(M99<=1,Assumptions!$B$12,IF(M99<=3,Assumptions!$B$13,IF(M99<=6,Assumptions!$B$14,Assumptions!$B$15))) -> 100 | S99: =IF(N99="Completed On Time",Assumptions!$B$16,IF(N99="Completed Late",Assumptions!$B$17,Assumptions!$B$18)) -> 100 | T99: =IF(I99=0,Assumptions!$B$20,IF(H99>I99,Assumptions!$B$19,IF(H99=I99,Assumptions!$B$20,Assumptions!$B$21))) -> 70 | U99: =ROUND(P99*Assumptions!$B$2+Q99*Assumptions!$B$3+R99*Assumptions!$B$4+S99*Assumptions!$B$5+T99*Assumptions!$B$6,0) -> 82 | V99: =IF(U99>=Assumptions!$B$10,"Healthy",IF(U99>=Assumptions!$B$11,"Needs Attention","High Risk")) -> Healthy
A100: ACC-10470 | B100: Atlaslabs Solutions | C100: Enterprise | D100: Enterprise | E100: APAC | F100: Sofia Alvarez | G100: 2027-12-01 | H100: 15480 | I100: 15480 | J100: 0.768 | K100: 10 | L100: 10 | M100: 2 | N100: Completed On Time | O100: =H100*12 -> 185760 | P100: =MIN(100,ROUND(100*J100/Assumptions!$B$8,0)) -> 85 | Q100: =IF(L100="",Assumptions!$B$9,L100*10) -> 100 | R100: =IF(M100<=1,Assumptions!$B$12,IF(M100<=3,Assumptions!$B$13,IF(M100<=6,Assumptions!$B$14,Assumptions!$B$15))) -> 75 | S100: =IF(N100="Completed On Time",Assumptions!$B$16,IF(N100="Completed Late",Assumptions!$B$17,Assumptions!$B$18)) -> 100 | T100: =IF(I100=0,Assumptions!$B$20,IF(H100>I100,Assumptions!$B$19,IF(H100=I100,Assumptions!$B$20,Assumptions!$B$21))) -> 70 | U100: =ROUND(P100*Assumptions!$B$2+Q100*Assumptions!$B$3+R100*Assumptions!$B$4+S100*Assumptions!$B$5+T100*Assumptions!$B$6,0) -> 85 | V100: =IF(U100>=Assumptions!$B$10,"Healthy",IF(U100>=Assumptions!$B$11,"Needs Attention","High Risk")) -> Healthy
A101: ACC-10784 | B101: Novastack Ltd | C101: Enterprise | D101: Enterprise | E101: North America | F101: James Carter | G101: 2027-12-01 | H101: 15435 | I101: 15435 | J101: 0.666 | K101: 5.7 | L101: 8 | M101: 10 | N101: Completed On Time | O101: =H101*12 -> 185220 | P101: =MIN(100,ROUND(100*J101/Assumptions!$B$8,0)) -> 74 | Q101: =IF(L101="",Assumptions!$B$9,L101*10) -> 80 | R101: =IF(M101<=1,Assumptions!$B$12,IF(M101<=3,Assumptions!$B$13,IF(M101<=6,Assumptions!$B$14,Assumptions!$B$15))) -> 20 | S101: =IF(N101="Completed On Time",Assumptions!$B$16,IF(N101="Completed Late",Assumptions!$B$17,Assumptions!$B$18)) -> 100 | T101: =IF(I101=0,Assumptions!$B$20,IF(H101>I101,Assumptions!$B$19,IF(H101=I101,Assumptions!$B$20,Assumptions!$B$21))) -> 70 | U101: =ROUND(P101*Assumptions!$B$2+Q101*Assumptions!$B$3+R101*Assumptions!$B$4+S101*Assumptions!$B$5+T101*Assumptions!$B$6,0) -> 69 | V101: =IF(U101>=Assumptions!$B$10,"Healthy",IF(U101>=Assumptions!$B$11,"Needs Attention","High Risk")) -> Needs Attention
A102: ACC-11968 | B102: Northsphere Ltd | C102: Enterprise | D102: Enterprise | E102: North America | F102: Lucas Martin | G102: 2027-12-01 | H102: 15435 | I102: 15435 | J102: 0.701 | K102: 8.7 | L102: 8 | M102: 2 | N102: Completed On Time | O102: =H102*12 -> 185220 | P102: =MIN(100,ROUND(100*J102/Assumptions!$B$8,0)) -> 78 | Q102: =IF(L102="",Assumptions!$B$9,L102*10) -> 80 | R102: =IF(M102<=1,Assumptions!$B$12,IF(M102<=3,Assumptions!$B$13,IF(M102<=6,Assumptions!$B$14,Assumptions!$B$15))) -> 75 | S102: =IF(N102="Completed On Time",Assumptions!$B$16,IF(N102="Completed Late",Assumptions!$B$17,Assumptions!$B$18)) -> 100 | T102: =IF(I102=0,Assumptions!$B$20,IF(H102>I102,Assumptions!$B$19,IF(H102=I102,Assumptions!$B$20,Assumptions!$B$21))) -> 70 | U102: =ROUND(P102*Assumptions!$B$2+Q102*Assumptions!$B$3+R102*Assumptions!$B$4+S102*Assumptions!$B$5+T102*Assumptions!$B$6,0) -> 79 | V102: =IF(U102>=Assumptions!$B$10,"Healthy",IF(U102>=Assumptions!$B$11,"Needs Attention","High Risk")) -> Needs Attention
A103: ACC-10556 | B103: Cleargrid Inc | C103: Enterprise | D103: Enterprise | E103: EMEA | F103: Lucas Martin | G103: 2027-07-01 | H103: 15300 | I103: 15300 | J103: 0.852 | K103: 7.7 | L103: 7 | M103: 1 | N103: Completed On Time | O103: =H103*12 -> 183600 | P103: =MIN(100,ROUND(100*J103/Assumptions!$B$8,0)) -> 95 | Q103: =IF(L103="",Assumptions!$B$9,L103*10) -> 70 | R103: =IF(M103<=1,Assumptions!$B$12,IF(M103<=3,Assumptions!$B$13,IF(M103<=6,Assumptions!$B$14,Assumptions!$B$15))) -> 100 | S103: =IF(N103="Completed On Time",Assumptions!$B$16,IF(N103="Completed Late",Assumptions!$B$17,Assumptions!$B$18)) -> 100 | T103: =IF(I103=0,Assumptions!$B$20,IF(H103>I103,Assumptions!$B$19,IF(H103=I103,Assumptions!$B$20,Assumptions!$B$21))) -> 70 | U103: =ROUND(P103*Assumptions!$B$2+Q103*Assumptions!$B$3+R103*Assumptions!$B$4+S103*Assumptions!$B$5+T103*Assumptions!$B$6,0) -> 86 | V103: =IF(U103>=Assumptions!$B$10,"Healthy",IF(U103>=Assumptions!$B$11,"Needs Attention","High Risk")) -> Healthy
A104: ACC-12465 | B104: Bluenest Technologies | C104: Enterprise | D104: Enterprise | E104: EMEA | F104: Daniel Brooks | G104: 2027-04-01 | H104: 15300 | I104: 15300 | J104: 0.7 | K104: 9 | L104: 10 | M104: 6 | N104: Completed On Time | O104: =H104*12 -> 183600 | P104: =MIN(100,ROUND(100*J104/Assumptions!$B$8,0)) -> 78 | Q104: =IF(L104="",Assumptions!$B$9,L104*10) -> 100 | R104: =IF(M104<=1,Assumptions!$B$12,IF(M104<=3,Assumptions!$B$13,IF(M104<=6,Assumptions!$B$14,Assumptions!$B$15))) -> 50 | S104: =IF(N104="Completed On Time",Assumptions!$B$16,IF(N104="Completed Late",Assumptions!$B$17,Assumptions!$B$18)) -> 100 | T104: =IF(I104=0,Assumptions!$B$20,IF(H104>I104,Assumptions!$B$19,IF(H104=I104,Assumptions!$B$20,Assumptions!$B$21))) -> 70 | U104: =ROUND(P104*Assumptions!$B$2+Q104*Assumptions!$B$3+R104*Assumptions!$B$4+S104*Assumptions!$B$5+T104*Assumptions!$B$6,0) -> 79 | V104: =IF(U104>=Assumptions!$B$10,"Healthy",IF(U104>=Assumptions!$B$11,"Needs Attention","High Risk")) -> Needs Attention
A105: ACC-12260 | B105: Lumenhub Group | C105: Enterprise | D105: Enterprise | E105: North America | F105: Aisha Khan | G105: 2027-02-01 | H105: 15165 | I105: 15165 | J105: 0.743 | K105: 9.3 | L105: 9 | M105: 3 | N105: Completed On Time | O105: =H105*12 -> 181980 | P105: =MIN(100,ROUND(100*J105/Assumptions!$B$8,0)) -> 83 | Q105: =IF(L105="",Assumptions!$B$9,L105*10) -> 90 | R105: =IF(M105<=1,Assumptions!$B$12,IF(M105<=3,Assumptions!$B$13,IF(M105<=6,Assumptions!$B$14,Assumptions!$B$15))) -> 75 | S105: =IF(N105="Completed On Time",Assumptions!$B$16,IF(N105="Completed Late",Assumptions!$B$17,Assumptions!$B$18)) -> 100 | T105: =IF(I105=0,Assumptions!$B$20,IF(H105>I105,Assumptions!$B$19,IF(H105=I105,Assumptions!$B$20,Assumptions!$B$21))) -> 70 | U105: =ROUND(P105*Assumptions!$B$2+Q105*Assumptions!$B$3+R105*Assumptions!$B$4+S105*Assumptions!$B$5+T105*Assumptions!$B$6,0) -> 82 | V105: =IF(U105>=Assumptions!$B$10,"Healthy",IF(U105>=Assumptions!$B$11,"Needs Attention","High Risk")) -> Healthy
A106: ACC-11046 | B106: Apexpath Technologies | C106: Enterprise | D106: Enterprise | E106: North America | F106: Rahul Mehta | G106: 2027-10-01 | H106: 15030 | I106: 15030 | J106: 0.769 | K106: 9 | L106: 10 | M106: 2 | N106: Completed On Time | O106: =H106*12 -> 180360 | P106: =MIN(100,ROUND(100*J106/Assumptions!$B$8,0)) -> 85 | Q106: =IF(L106="",Assumptions!$B$9,L106*10) -> 100 | R106: =IF(M106<=1,Assumptions!$B$12,IF(M106<=3,Assumptions!$B$13,IF(M106<=6,Assumptions!$B$14,Assumptions!$B$15))) -> 75 | S106: =IF(N106="Completed On Time",Assumptions!$B$16,IF(N106="Completed Late",Assumptions!$B$17,Assumptions!$B$18)) -> 100 | T106: =IF(I106=0,Assumptions!$B$20,IF(H106>I106,Assumptions!$B$19,IF(H106=I106,Assumptions!$B$20,Assumptions!$B$21))) -> 70 | U106: =ROUND(P106*Assumptions!$B$2+Q106*Assumptions!$B$3+R106*Assumptions!$B$4+S106*Assumptions!$B$5+T106*Assumptions!$B$6,0) -> 85 | V106: =IF(U106>=Assumptions!$B$10,"Healthy",IF(U106>=Assumptions!$B$11,"Needs Attention","High Risk")) -> Healthy
A107: ACC-11315 | B107: Orbitnest Inc | C107: Enterprise | D107: Enterprise | E107: North America | F107: James Carter | G107: 2027-05-01 | H107: 15030 | I107: 15030 | J107: 0.692 | K107: 9.3 | L107: 9 | M107: 5 | N107: Completed On Time | O107: =H107*12 -> 180360 | P107: =MIN(100,ROUND(100*J107/Assumptions!$B$8,0)) -> 77 | Q107: =IF(L107="",Assumptions!$B$9,L107*10) -> 90 | R107: =IF(M107<=1,Assumptions!$B$12,IF(M107<=3,Assumptions!$B$13,IF(M107<=6,Assumptions!$B$14,Assumptions!$B$15))) -> 50 | S107: =IF(N107="Completed On Time",Assumptions!$B$16,IF(N107="Completed Late",Assumptions!$B$17,Assumptions!$B$18)) -> 100 | T107: =IF(I107=0,Assumptions!$B$20,IF(H107>I107,Assumptions!$B$19,IF(H107=I107,Assumptions!$B$20,Assumptions!$B$21))) -> 70 | U107: =ROUND(P107*Assumptions!$B$2+Q107*Assumptions!$B$3+R107*Assumptions!$B$4+S107*Assumptions!$B$5+T107*Assumptions!$B$6,0) -> 76 | V107: =IF(U107>=Assumptions!$B$10,"Healthy",IF(U107>=Assumptions!$B$11,"Needs Attention","High Risk")) -> Needs Attention
A108: ACC-10347 | B108: Greenpoint Technologies | C108: Enterprise | D108: Growth | E108: North America | F108: Rahul Mehta | G108: 2027-05-01 | H108: 15025 | I108: 15025 | J108: 0.902 | K108: 11.3 | L108: 10 | M108: 1 | N108: Completed On Time | O108: =H108*12 -> 180300 | P108: =MIN(100,ROUND(100*J108/Assumptions!$B$8,0)) -> 100 | Q108: =IF(L108="",Assumptions!$B$9,L108*10) -> 100 | R108: =IF(M108<=1,Assumptions!$B$12,IF(M108<=3,Assumptions!$B$13,IF(M108<=6,Assumptions!$B$14,Assumptions!$B$15))) -> 100 | S108: =IF(N108="Completed On Time",Assumptions!$B$16,IF(N108="Completed Late",Assumptions!$B$17,Assumptions!$B$18)) -> 100 | T108: =IF(I108=0,Assumptions!$B$20,IF(H108>I108,Assumptions!$B$19,IF(H108=I108,Assumptions!$B$20,Assumptions!$B$21))) -> 70 | U108: =ROUND(P108*Assumptions!$B$2+Q108*Assumptions!$B$3+R108*Assumptions!$B$4+S108*Assumptions!$B$5+T108*Assumptions!$B$6,0) -> 94 | V108: =IF(U108>=Assumptions!$B$10,"Healthy",IF(U108>=Assumptions!$B$11,"Needs Attention","High Risk")) -> Healthy
A109: ACC-12368 | B109: Lumenhub Inc | C109: Enterprise | D109: Growth | E109: North America | F109: James Carter | G109: 2027-08-01 | H109: 14775 | I109: 0 | J109: 0.487 | K109: 6 | M109: 4 | N109: In Progress | O109: =H109*12 -> 177300 | P109: =MIN(100,ROUND(100*J109/Assumptions!$B$8,0)) -> 54 | Q109: =IF(L109="",Assumptions!$B$9,L109*10) -> 50 | R109: =IF(M109<=1,Assumptions!$B$12,IF(M109<=3,Assumptions!$B$13,IF(M109<=6,Assumptions!$B$14,Assumptions!$B$15))) -> 50 | S109: =IF(N109="Completed On Time",Assumptions!$B$16,IF(N109="Completed Late",Assumptions!$B$17,Assumptions!$B$18)) -> 50 | T109: =IF(I109=0,Assumptions!$B$20,IF(H109>I109,Assumptions!$B$19,IF(H109=I109,Assumptions!$B$20,Assumptions!$B$21))) -> 70 | U109: =ROUND(P109*Assumptions!$B$2+Q109*Assumptions!$B$3+R109*Assumptions!$B$4+S109*Assumptions!$B$5+T109*Assumptions!$B$6,0) -> 55 | V109: =IF(U109>=Assumptions!$B$10,"Healthy",IF(U109>=Assumptions!$B$11,"Needs Attention","High Risk")) -> High Risk
A110: ACC-10926 | B110: Atlaslogic Inc | C110: Enterprise | D110: Enterprise | E110: EMEA | F110: Aisha Khan | G110: 2027-01-01 | H110: 14760 | I110: 14760 | J110: 0.639 | K110: 6.7 | L110: 8 | M110: 9 | N110: Completed On Time | O110: =H110*12 -> 177120 | P110: =MIN(100,ROUND(100*J110/Assumptions!$B$8,0)) -> 71 | Q110: =IF(L110="",Assumptions!$B$9,L110*10) -> 80 | R110: =IF(M110<=1,Assumptions!$B$12,IF(M110<=3,Assumptions!$B$13,IF(M110<=6,Assumptions!$B$14,Assumptions!$B$15))) -> 20 | S110: =IF(N110="Completed On Time",Assumptions!$B$16,IF(N110="Completed Late",Assumptions!$B$17,Assumptions!$B$18)) -> 100 | T110: =IF(I110=0,Assumptions!$B$20,IF(H110>I110,Assumptions!$B$19,IF(H110=I110,Assumptions!$B$20,Assumptions!$B$21))) -> 70 | U110: =ROUND(P110*Assumptions!$B$2+Q110*Assumptions!$B$3+R110*Assumptions!$B$4+S110*Assumptions!$B$5+T110*Assumptions!$B$6,0) -> 68 | V110: =IF(U110>=Assumptions!$B$10,"Healthy",IF(U110>=Assumptions!$B$11,"Needs Attention","High Risk")) -> Needs Attention
A111: ACC-12583 | B111: Brightbase Group | C111: Enterprise | D111: Enterprise | E111: EMEA | F111: Lucas Martin | G111: 2027-01-01 | H111: 14670 | I111: 14670 | J111: 0.636 | K111: 7.3 | L111: 8 | M111: 4 | N111: Completed On Time | O111: =H111*12 -> 176040 | P111: =MIN(100,ROUND(100*J111/Assumptions!$B$8,0)) -> 71 | Q111: =IF(L111="",Assumptions!$B$9,L111*10) -> 80 | R111: =IF(M111<=1,Assumptions!$B$12,IF(M111<=3,Assumptions!$B$13,IF(M111<=6,Assumptions!$B$14,Assumptions!$B$15))) -> 50 | S111: =IF(N111="Completed On Time",Assumptions!$B$16,IF(N111="Completed Late",Assumptions!$B$17,Assumptions!$B$18)) -> 100 | T111: =IF(I111=0,Assumptions!$B$20,IF(H111>I111,Assumptions!$B$19,IF(H111=I111,Assumptions!$B$20,Assumptions!$B$21))) -> 70 | U111: =ROUND(P111*Assumptions!$B$2+Q111*Assumptions!$B$3+R111*Assumptions!$B$4+S111*Assumptions!$B$5+T111*Assumptions!$B$6,0) -> 72 | V111: =IF(U111>=Assumptions!$B$10,"Healthy",IF(U111>=Assumptions!$B$11,"Needs Attention","High Risk")) -> Needs Attention
A112: ACC-12400 | B112: Lumenline Systems | C112: Enterprise | D112: Growth | E112: EMEA | F112: Priya Sharma | G112: 2027-08-01 | H112: 14475 | I112: 0 | J112: 0.838 | K112: 12 | M112: 2 | N112: In Progress | O112: =H112*12 -> 173700 | P112: =MIN(100,ROUND(100*J112/Assumptions!$B$8,0)) -> 93 | Q112: =IF(L112="",Assumptions!$B$9,L112*10) -> 50 | R112: =IF(M112<=1,Assumptions!$B$12,IF(M112<=3,Assumptions!$B$13,IF(M112<=6,Assumptions!$B$14,Assumptions!$B$15))) -> 75 | S112: =IF(N112="Completed On Time",Assumptions!$B$16,IF(N112="Completed Late",Assumptions!$B$17,Assumptions!$B$18)) -> 50 | T112: =IF(I112=0,Assumptions!$B$20,IF(H112>I112,Assumptions!$B$19,IF(H112=I112,Assumptions!$B$20,Assumptions!$B$21))) -> 70 | U112: =ROUND(P112*Assumptions!$B$2+Q112*Assumptions!$B$3+R112*Assumptions!$B$4+S112*Assumptions!$B$5+T112*Assumptions!$B$6,0) -> 73 | V112: =IF(U112>=Assumptions!$B$10,"Healthy",IF(U112>=Assumptions!$B$11,"Needs Attention","High Risk")) -> Needs Attention
A113: ACC-12429 | B113: Orbitpoint LLC | C113: Enterprise | D113: Growth | E113: EMEA | F113: James Carter | G113: 2027-09-01 | H113: 14450 | I113: 11250 | J113: 0.622 | K113: 8.3 | L113: 9 | M113: 6 | N113: Completed Late | O113: =H113*12 -> 173400 | P113: =MIN(100,ROUND(100*J113/Assumptions!$B$8,0)) -> 69 | Q113: =IF(L113="",Assumptions!$B$9,L113*10) -> 90 | R113: =IF(M113<=1,Assumptions!$B$12,IF(M113<=3,Assumptions!$B$13,IF(M113<=6,Assumptions!$B$14,Assumptions!$B$15))) -> 50 | S113: =IF(N113="Completed On Time",Assumptions!$B$16,IF(N113="Completed Late",Assumptions!$B$17,Assumptions!$B$18)) -> 60 | T113: =IF(I113=0,Assumptions!$B$20,IF(H113>I113,Assumptions!$B$19,IF(H113=I113,Assumptions!$B$20,Assumptions!$B$21))) -> 100 | U113: =ROUND(P113*Assumptions!$B$2+Q113*Assumptions!$B$3+R113*Assumptions!$B$4+S113*Assumptions!$B$5+T113*Assumptions!$B$6,0) -> 76 | V113: =IF(U113>=Assumptions!$B$10,"Healthy",IF(U113>=Assumptions!$B$11,"Needs Attention","High Risk")) -> Needs Attention
A114: ACC-10495 | B114: Atlasflow Technologies | C114: Enterprise | D114: Enterprise | E114: North America | F114: Rahul Mehta | G114: 2027-11-01 | H114: 14400 | I114: 14400 | J114: 0.432 | K114: 4.7 | L114: 5 | M114: 8 | N114: Completed Late | O114: =H114*12 -> 172800 | P114: =MIN(100,ROUND(100*J114/Assumptions!$B$8,0)) -> 48 | Q114: =IF(L114="",Assumptions!$B$9,L114*10) -> 50 | R114: =IF(M114<=1,Assumptions!$B$12,IF(M114<=3,Assumptions!$B$13,IF(M114<=6,Assumptions!$B$14,Assumptions!$B$15))) -> 20 | S114: =IF(N114="Completed On Time",Assumptions!$B$16,IF(N114="Completed Late",Assumptions!$B$17,Assumptions!$B$18)) -> 60 | T114: =IF(I114=0,Assumptions!$B$20,IF(H114>I114,Assumptions!$B$19,IF(H114=I114,Assumptions!$B$20,Assumptions!$B$21))) -> 70 | U114: =ROUND(P114*Assumptions!$B$2+Q114*Assumptions!$B$3+R114*Assumptions!$B$4+S114*Assumptions!$B$5+T114*Assumptions!$B$6,0) -> 50 | V114: =IF(U114>=Assumptions!$B$10,"Healthy",IF(U114>=Assumptions!$B$11,"Needs Attention","High Risk")) -> High Risk
A115: ACC-11924 | B115: Brightflow Ltd | C115: Enterprise | D115: Growth | E115: North America | F115: Daniel Brooks | G115: 2027-06-01 | H115: 14325 | I115: 14325 | J115: 0.874 | K115: 11.7 | L115: 8 | M115: 1 | N115: In Progress | O115: =H115*12 -> 171900 | P115: =MIN(100,ROUND(100*J115/Assumptions!$B$8,0)) -> 97 | Q115: =IF(L115="",Assumptions!$B$9,L115*10) -> 80 | R115: =IF(M115<=1,Assumptions!$B$12,IF(M115<=3,Assumptions!$B$13,IF(M115<=6,Assumptions!$B$14,Assumptions!$B$15))) -> 100 | S115: =IF(N115="Completed On Time",Assumptions!$B$16,IF(N115="Completed Late",Assumptions!$B$17,Assumptions!$B$18)) -> 50 | T115: =IF(I115=0,Assumptions!$B$20,IF(H115>I115,Assumptions!$B$19,IF(H115=I115,Assumptions!$B$20,Assumptions!$B$21))) -> 70 | U115: =ROUND(P115*Assumptions!$B$2+Q115*Assumptions!$B$3+R115*Assumptions!$B$4+S115*Assumptions!$B$5+T115*Assumptions!$B$6,0) -> 84 | V115: =IF(U115>=Assumptions!$B$10,"Healthy",IF(U115>=Assumptions!$B$11,"Needs Attention","High Risk")) -> Healthy
A116: ACC-12048 | B116: Pixelforge Technologies | C116: Enterprise | D116: Enterprise | E116: North America | F116: James Carter | G116: 2027-07-01 | H116: 14220 | I116: 14220 | J116: 0.738 | K116: 8.7 | L116: 10 | M116: 3 | N116: Completed On Time | O116: =H116*12 -> 170640 | P116: =MIN(100,ROUND(100*J116/Assumptions!$B$8,0)) -> 82 | Q116: =IF(L116="",Assumptions!$B$9,L116*10) -> 100 | R116: =IF(M116<=1,Assumptions!$B$12,IF(M116<=3,Assumptions!$B$13,IF(M116<=6,Assumptions!$B$14,Assumptions!$B$15))) -> 75 | S116: =IF(N116="Completed On Time",Assumptions!$B$16,IF(N116="Completed Late",Assumptions!$B$17,Assumptions!$B$18)) -> 100 | T116: =IF(I116=0,Assumptions!$B$20,IF(H116>I116,Assumptions!$B$19,IF(H116=I116,Assumptions!$B$20,Assumptions!$B$21))) -> 70 | U116: =ROUND(P116*Assumptions!$B$2+Q116*Assumptions!$B$3+R116*Assumptions!$B$4+S116*Assumptions!$B$5+T116*Assumptions!$B$6,0) -> 84 | V116: =IF(U116>=Assumptions!$B$10,"Healthy",IF(U116>=Assumptions!$B$11,"Needs Attention","High Risk")) -> Healthy
A117: ACC-10389 | B117: Silverpath Inc | C117: Enterprise | D117: Growth | E117: North America | F117: Lucas Martin | G117: 2027-06-01 | H117: 14175 | I117: 14175 | J117: 0.685 | K117: 8.7 | L117: 9 | M117: 10 | N117: Completed On Time | O117: =H117*12 -> 170100 | P117: =MIN(100,ROUND(100*J117/Assumptions!$B$8,0)) -> 76 | Q117: =IF(L117="",Assumptions!$B$9,L117*10) -> 90 | R117: =IF(M117<=1,Assumptions!$B$12,IF(M117<=3,Assumptions!$B$13,IF(M117<=6,Assumptions!$B$14,Assumptions!$B$15))) -> 20 | S117: =IF(N117="Completed On Time",Assumptions!$B$16,IF(N117="Completed Late",Assumptions!$B$17,Assumptions!$B$18)) -> 100 | T117: =IF(I117=0,Assumptions!$B$20,IF(H117>I117,Assumptions!$B$19,IF(H117=I117,Assumptions!$B$20,Assumptions!$B$21))) -> 70 | U117: =ROUND(P117*Assumptions!$B$2+Q117*Assumptions!$B$3+R117*Assumptions!$B$4+S117*Assumptions!$B$5+T117*Assumptions!$B$6,0) -> 72 | V117: =IF(U117>=Assumptions!$B$10,"Healthy",IF(U117>=Assumptions!$B$11,"Needs Attention","High Risk")) -> Needs Attention
A118: ACC-10906 | B118: Blueflow Technologies | C118: Enterprise | D118: Growth | E118: North America | F118: Priya Sharma | G118: 2027-11-01 | H118: 14100 | I118: 14100 | J118: 0.962 | K118: 12 | L118: 10 | M118: 1 | N118: Completed On Time | O118: =H118*12 -> 169200 | P118: =MIN(100,ROUND(100*J118/Assumptions!$B$8,0)) -> 100 | Q118: =IF(L118="",Assumptions!$B$9,L118*10) -> 100 | R118: =IF(M118<=1,Assumptions!$B$12,IF(M118<=3,Assumptions!$B$13,IF(M118<=6,Assumptions!$B$14,Assumptions!$B$15))) -> 100 | S118: =IF(N118="Completed On Time",Assumptions!$B$16,IF(N118="Completed Late",Assumptions!$B$17,Assumptions!$B$18)) -> 100 | T118: =IF(I118=0,Assumptions!$B$20,IF(H118>I118,Assumptions!$B$19,IF(H118=I118,Assumptions!$B$20,Assumptions!$B$21))) -> 70 | U118: =ROUND(P118*Assumptions!$B$2+Q118*Assumptions!$B$3+R118*Assumptions!$B$4+S118*Assumptions!$B$5+T118*Assumptions!$B$6,0) -> 94 | V118: =IF(U118>=Assumptions!$B$10,"Healthy",IF(U118>=Assumptions!$B$11,"Needs Attention","High Risk")) -> Healthy
A119: ACC-12535 | B119: Apexflow Systems | C119: Enterprise | D119: Growth | E119: APAC | F119: Daniel Brooks | G119: 2027-08-01 | H119: 14025 | I119: 14025 | J119: 0.803 | K119: 10.3 | L119: 10 | M119: 1 | N119: Completed On Time | O119: =H119*12 -> 168300 | P119: =MIN(100,ROUND(100*J119/Assumptions!$B$8,0)) -> 89 | Q119: =IF(L119="",Assumptions!$B$9,L119*10) -> 100 | R119: =IF(M119<=1,Assumptions!$B$12,IF(M119<=3,Assumptions!$B$13,IF(M119<=6,Assumptions!$B$14,Assumptions!$B$15))) -> 100 | S119: =IF(N119="Completed On Time",Assumptions!$B$16,IF(N119="Completed Late",Assumptions!$B$17,Assumptions!$B$18)) -> 100 | T119: =IF(I119=0,Assumptions!$B$20,IF(H119>I119,Assumptions!$B$19,IF(H119=I119,Assumptions!$B$20,Assumptions!$B$21))) -> 70 | U119: =ROUND(P119*Assumptions!$B$2+Q119*Assumptions!$B$3+R119*Assumptions!$B$4+S119*Assumptions!$B$5+T119*Assumptions!$B$6,0) -> 90 | V119: =IF(U119>=Assumptions!$B$10,"Healthy",IF(U119>=Assumptions!$B$11,"Needs Attention","High Risk")) -> Healthy
A120: ACC-11327 | B120: Swiftbase LLC | C120: Enterprise | D120: Enterprise | E120: EMEA | F120: Lucas Martin | G120: 2027-06-01 | H120: 13995 | I120: 13995 | J120: 0.703 | K120: 9.3 | L120: 7 | M120: 3 | N120: Completed On Time | O120: =H120*12 -> 167940 | P120: =MIN(100,ROUND(100*J120/Assumptions!$B$8,0)) -> 78 | Q120: =IF(L120="",Assumptions!$B$9,L120*10) -> 70 | R120: =IF(M120<=1,Assumptions!$B$12,IF(M120<=3,Assumptions!$B$13,IF(M120<=6,Assumptions!$B$14,Assumptions!$B$15))) -> 75 | S120: =IF(N120="Completed On Time",Assumptions!$B$16,IF(N120="Completed Late",Assumptions!$B$17,Assumptions!$B$18)) -> 100 | T120: =IF(I120=0,Assumptions!$B$20,IF(H120>I120,Assumptions!$B$19,IF(H120=I120,Assumptions!$B$20,Assumptions!$B$21))) -> 70 | U120: =ROUND(P120*Assumptions!$B$2+Q120*Assumptions!$B$3+R120*Assumptions!$B$4+S120*Assumptions!$B$5+T120*Assumptions!$B$6,0) -> 77 | V120: =IF(U120>=Assumptions!$B$10,"Healthy",IF(U120>=Assumptions!$B$11,"Needs Attention","High Risk")) -> Needs Attention
A121: ACC-10187 | B121: Greenstack LLC | C121: Enterprise | D121: Enterprise | E121: North America | F121: Lucas Martin | G121: 2027-03-01 | H121: 13905 | I121: 13905 | J121: 0.622 | K121: 7 | L121: 7 | M121: 6 | N121: Completed On Time | O121: =H121*12 -> 166860 | P121: =MIN(100,ROUND(100*J121/Assumptions!$B$8,0)) -> 69 | Q121: =IF(L121="",Assumptions!$B$9,L121*10) -> 70 | R121: =IF(M121<=1,Assumptions!$B$12,IF(M121<=3,Assumptions!$B$13,IF(M121<=6,Assumptions!$B$14,Assumptions!$B$15))) -> 50 | S121: =IF(N121="Completed On Time",Assumptions!$B$16,IF(N121="Completed Late",Assumptions!$B$17,Assumptions!$B$18)) -> 100 | T121: =IF(I121=0,Assumptions!$B$20,IF(H121>I121,Assumptions!$B$19,IF(H121=I121,Assumptions!$B$20,Assumptions!$B$21))) -> 70 | U121: =ROUND(P121*Assumptions!$B$2+Q121*Assumptions!$B$3+R121*Assumptions!$B$4+S121*Assumptions!$B$5+T121*Assumptions!$B$6,0) -> 70 | V121: =IF(U121>=Assumptions!$B$10,"Healthy",IF(U121>=Assumptions!$B$11,"Needs Attention","High Risk")) -> Needs Attention
A122: ACC-10833 | B122: Urbansphere Ltd | C122: Enterprise | D122: Enterprise | E122: APAC | F122: Neha Iyer | G122: 2027-03-01 | H122: 13905 | I122: 13905 | J122: 0.735 | K122: 8.7 | L122: 7 | M122: 2 | N122: Completed On Time | O122: =H122*12 -> 166860 | P122: =MIN(100,ROUND(100*J122/Assumptions!$B$8,0)) -> 82 | Q122: =IF(L122="",Assumptions!$B$9,L122*10) -> 70 | R122: =IF(M122<=1,Assumptions!$B$12,IF(M122<=3,Assumptions!$B$13,IF(M122<=6,Assumptions!$B$14,Assumptions!$B$15))) -> 75 | S122: =IF(N122="Completed On Time",Assumptions!$B$16,IF(N122="Completed Late",Assumptions!$B$17,Assumptions!$B$18)) -> 100 | T122: =IF(I122=0,Assumptions!$B$20,IF(H122>I122,Assumptions!$B$19,IF(H122=I122,Assumptions!$B$20,Assumptions!$B$21))) -> 70 | U122: =ROUND(P122*Assumptions!$B$2+Q122*Assumptions!$B$3+R122*Assumptions!$B$4+S122*Assumptions!$B$5+T122*Assumptions!$B$6,0) -> 78 | V122: =IF(U122>=Assumptions!$B$10,"Healthy",IF(U122>=Assumptions!$B$11,"Needs Attention","High Risk")) -> Needs Attention
A123: ACC-11538 | B123: Greenhub Solutions | C123: Enterprise | D123: Enterprise | E123: EMEA | F123: Priya Sharma | G123: 2027-04-01 | H123: 13905 | I123: 13905 | J123: 0.748 | K123: 8.3 | L123: 8 | M123: 4 | N123: Completed On Time | O123: =H123*12 -> 166860 | P123: =MIN(100,ROUND(100*J123/Assumptions!$B$8,0)) -> 83 | Q123: =IF(L123="",Assumptions!$B$9,L123*10) -> 80 | R123: =IF(M123<=1,Assumptions!$B$12,IF(M123<=3,Assumptions!$B$13,IF(M123<=6,Assumptions!$B$14,Assumptions!$B$15))) -> 50 | S123: =IF(N123="Completed On Time",Assumptions!$B$16,IF(N123="Completed Late",Assumptions!$B$17,Assumptions!$B$18)) -> 100 | T123: =IF(I123=0,Assumptions!$B$20,IF(H123>I123,Assumptions!$B$19,IF(H123=I123,Assumptions!$B$20,Assumptions!$B$21))) -> 70 | U123: =ROUND(P123*Assumptions!$B$2+Q123*Assumptions!$B$3+R123*Assumptions!$B$4+S123*Assumptions!$B$5+T123*Assumptions!$B$6,0) -> 77 | V123: =IF(U123>=Assumptions!$B$10,"Healthy",IF(U123>=Assumptions!$B$11,"Needs Attention","High Risk")) -> Needs Attention
A124: ACC-10269 | B124: Primehub Group | C124: Enterprise | D124: Enterprise | E124: APAC | F124: Aisha Khan | G124: 2027-10-01 | H124: 13815 | I124: 13815 | J124: 0.913 | K124: 11 | L124: 10 | M124: 1 | N124: Completed On Time | O124: =H124*12 -> 165780 | P124: =MIN(100,ROUND(100*J124/Assumptions!$B$8,0)) -> 100 | Q124: =IF(L124="",Assumptions!$B$9,L124*10) -> 100 | R124: =IF(M124<=1,Assumptions!$B$12,IF(M124<=3,Assumptions!$B$13,IF(M124<=6,Assumptions!$B$14,Assumptions!$B$15))) -> 100 | S124: =IF(N124="Completed On Time",Assumptions!$B$16,IF(N124="Completed Late",Assumptions!$B$17,Assumptions!$B$18)) -> 100 | T124: =IF(I124=0,Assumptions!$B$20,IF(H124>I124,Assumptions!$B$19,IF(H124=I124,Assumptions!$B$20,Assumptions!$B$21))) -> 70 | U124: =ROUND(P124*Assumptions!$B$2+Q124*Assumptions!$B$3+R124*Assumptions!$B$4+S124*Assumptions!$B$5+T124*Assumptions!$B$6,0) -> 94 | V124: =IF(U124>=Assumptions!$B$10,"Healthy",IF(U124>=Assumptions!$B$11,"Needs Attention","High Risk")) -> Healthy
... A131: ACC-10761 | B131: Orbitnest Solutions | C131: Enterprise | D131: Growth | E131: North America | F131: Marco Rossi | G131: 2027-08-01 | H131: 13375 | I131: 13375 | J131: 0.738 | K131: 9 | L131: 10 | M131: 5 | N131: Completed On Time | O131: =H131*12 -> 160500 | P131: =MIN(100,ROUND(100*J131/Assumptions!$B$8,0)) -> 82 | Q131: =IF(L131="",Assumptions!$B$9,L131*10) -> 100 | R131: =IF(M131<=1,Assumptions!$B$12,IF(M131<=3,Assumptions!$B$13,IF(M131<=6,Assumptions!$B$14,Assumptions!$B$15))) -> 50 | S131: =IF(N131="Completed On Time",Assumptions!$B$16,IF(N131="Completed Late",Assumptions!$B$17,Assumptions!$B$18)) -> 100 | T131: =IF(I131=0,Assumptions!$B$20,IF(H131>I131,Assumptions!$B$19,IF(H131=I131,Assumptions!$B$20,Assumptions!$B$21))) -> 70 | U131: =ROUND(P131*Assumptions!$B$2+Q131*Assumptions!$B$3+R131*Assumptions!$B$4+S131*Assumptions!$B$5+T131*Assumptions!$B$6,0) -> 80 | V131: =IF(U131>=Assumptions!$B$10,"Healthy",IF(U131>=Assumptions!$B$11,"Needs Attention","High Risk")) -> Healthy
A132: ACC-11276 | B132: Bluehub Inc | C132: Enterprise | D132: Enterprise | E132: EMEA | F132: Aisha Khan | G132: 2027-07-01 | H132: 13320 | I132: 0 | J132: 0.848 | K132: 9.7 | M132: 1 | N132: In Progress | O132: =H132*12 -> 159840 | P132: =MIN(100,ROUND(100*J132/Assumptions!$B$8,0)) -> 94 | Q132: =IF(L132="",Assumptions!$B$9,L132*10) -> 50 | R132: =IF(M132<=1,Assumptions!$B$12,IF(M132<=3,Assumptions!$B$13,IF(M132<=6,Assumptions!$B$14,Assumptions!$B$15))) -> 100 | S132: =IF(N132="Completed On Time",Assumptions!$B$16,IF(N132="Completed Late",Assumptions!$B$17,Assumptions!$B$18)) -> 50 | T132: =IF(I132=0,Assumptions!$B$20,IF(H132>I132,Assumptions!$B$19,IF(H132=I132,Assumptions!$B$20,Assumptions!$B$21))) -> 70 | U132: =ROUND(P132*Assumptions!$B$2+Q132*Assumptions!$B$3+R132*Assumptions!$B$4+S132*Assumptions!$B$5+T132*Assumptions!$B$6,0) -> 77 | V132: =IF(U132>=Assumptions!$B$10,"Healthy",IF(U132>=Assumptions!$B$11,"Needs Attention","High Risk")) -> Needs Attention
A133: ACC-11219 | B133: Novasphere Solutions | C133: Enterprise | D133: Growth | E133: EMEA | F133: Emily Chen | G133: 2027-07-01 | H133: 13225 | I133: 13225 | J133: 0.684 | K133: 7.3 | L133: 7 | M133: 5 | N133: Completed On Time | O133: =H133*12 -> 158700 | P133: =MIN(100,ROUND(100*J133/Assumptions!$B$8,0)) -> 76 | Q133: =IF(L133="",Assumptions!$B$9,L133*10) -> 70 | R133: =IF(M133<=1,Assumptions!$B$12,IF(M133<=3,Assumptions!$B$13,IF(M133<=6,Assumptions!$B$14,Assumptions!$B$15))) -> 50 | S133: =IF(N133="Completed On Time",Assumptions!$B$16,IF(N133="Completed Late",Assumptions!$B$17,Assumptions!$B$18)) -> 100 | T133: =IF(I133=0,Assumptions!$B$20,IF(H133>I133,Assumptions!$B$19,IF(H133=I133,Assumptions!$B$20,Assumptions!$B$21))) -> 70 | U133: =ROUND(P133*Assumptions!$B$2+Q133*Assumptions!$B$3+R133*Assumptions!$B$4+S133*Assumptions!$B$5+T133*Assumptions!$B$6,0) -> 72 | V133: =IF(U133>=Assumptions!$B$10,"Healthy",IF(U133>=Assumptions!$B$11,"Needs Attention","High Risk")) -> Needs Attention
A134: ACC-10959 | B134: Trueworks Technologies | C134: Enterprise | D134: Enterprise | E134: EMEA | F134: Marco Rossi | G134: 2027-04-01 | H134: 13185 | I134: 13185 | J134: 0.713 | K134: 11 | L134: 9 | M134: 1 | N134: Completed On Time | O134: =H134*12 -> 158220 | P134: =MIN(100,ROUND(100*J134/Assumptions!$B$8,0)) -> 79 | Q134: =IF(L134="",Assumptions!$B$9,L134*10) -> 90 | R134: =IF(M134<=1,Assumptions!$B$12,IF(M134<=3,Assumptions!$B$13,IF(M134<=6,Assumptions!$B$14,Assumptions!$B$15))) -> 100 | S134: =IF(N134="Completed On Time",Assumptions!$B$16,IF(N134="Completed Late",Assumptions!$B$17,Assumptions!$B$18)) -> 100 | T134: =IF(I134=0,Assumptions!$B$20,IF(H134>I134,Assumptions!$B$19,IF(H134=I134,Assumptions!$B$20,Assumptions!$B$21))) -> 70 | U134: =ROUND(P134*Assumptions!$B$2+Q134*Assumptions!$B$3+R134*Assumptions!$B$4+S134*Assumptions!$B$5+T134*Assumptions!$B$6,0) -> 85 | V134: =IF(U134>=Assumptions!$B$10,"Healthy",IF(U134>=Assumptions!$B$11,"Needs Attention","High Risk")) -> Healthy
A135: ACC-12103 | B135: Northflow Inc | C135: Enterprise | D135: Enterprise | E135: APAC | F135: Daniel Brooks | G135: 2027-08-01 | H135: 13185 | I135: 13185 | J135: 0.431 | K135: 6 | L135: 5 | M135: 6 | N135: Completed Late | O135: =H135*12 -> 158220 | P135: =MIN(100,ROUND(100*J135/Assumptions!$B$8,0)) -> 48 | Q135: =IF(L135="",Assumptions!$B$9,L135*10) -> 50 | R135: =IF(M135<=1,Assumptions!$B$12,IF(M135<=3,Assumptions!$B$13,IF(M135<=6,Assumptions!$B$14,Assumptions!$B$15))) -> 50 | S135: =IF(N135="Completed On Time",Assumptions!$B$16,IF(N135="Completed Late",Assumptions!$B$17,Assumptions!$B$18)) -> 60 | T135: =IF(I135=0,Assumptions!$B$20,IF(H135>I135,Assumptions!$B$19,IF(H135=I135,Assumptions!$B$20,Assumptions!$B$21))) -> 70 | U135: =ROUND(P135*Assumptions!$B$2+Q135*Assumptions!$B$3+R135*Assumptions!$B$4+S135*Assumptions!$B$5+T135*Assumptions!$B$6,0) -> 54 | V135: =IF(U135>=Assumptions!$B$10,"Healthy",IF(U135>=Assumptions!$B$11,"Needs Attention","High Risk")) -> High Risk
A136: ACC-10948 | B136: Silversphere Systems | C136: Enterprise | D136: Enterprise | E136: North America | F136: Sofia Alvarez | G136: 2027-02-01 | H136: 13140 | I136: 13140 | J136: 0.892 | K136: 9.7 | L136: 9 | M136: 4 | N136: Completed On Time | O136: =H136*12 -> 157680 | P136: =MIN(100,ROUND(100*J136/Assumptions!$B$8,0)) -> 99 | Q136: =IF(L136="",Assumptions!$B$9,L136*10) -> 90 | R136: =IF(M136<=1,Assumptions!$B$12,IF(M136<=3,Assumptions!$B$13,IF(M136<=6,Assumptions!$B$14,Assumptions!$B$15))) -> 50 | S136: =IF(N136="Completed On Time",Assumptions!$B$16,IF(N136="Completed Late",Assumptions!$B$17,Assumptions!$B$18)) -> 100 | T136: =IF(I136=0,Assumptions!$B$20,IF(H136>I136,Assumptions!$B$19,IF(H136=I136,Assumptions!$B$20,Assumptions!$B$21))) -> 70 | U136: =ROUND(P136*Assumptions!$B$2+Q136*Assumptions!$B$3+R136*Assumptions!$B$4+S136*Assumptions!$B$5+T136*Assumptions!$B$6,0) -> 84 | V136: =IF(U136>=Assumptions!$B$10,"Healthy",IF(U136>=Assumptions!$B$11,"Needs Attention","High Risk")) -> Healthy
A137: ACC-12143 | B137: Vertexflow Ltd | C137: Enterprise | D137: Enterprise | E137: North America | F137: Sofia Alvarez | G137: 2027-04-01 | H137: 12870 | I137: 12870 | J137: 0.608 | K137: 4.7 | L137: 7 | M137: 4 | N137: Completed On Time | O137: =H137*12 -> 154440 | P137: =MIN(100,ROUND(100*J137/Assumptions!$B$8,0)) -> 68 | Q137: =IF(L137="",Assumptions!$B$9,L137*10) -> 70 | R137: =IF(M137<=1,Assumptions!$B$12,IF(M137<=3,Assumptions!$B$13,IF(M137<=6,Assumptions!$B$14,Assumptions!$B$15))) -> 50 | S137: =IF(N137="Completed On Time",Assumptions!$B$16,IF(N137="Completed Late",Assumptions!$B$17,Assumptions!$B$18)) -> 100 | T137: =IF(I137=0,Assumptions!$B$20,IF(H137>I137,Assumptions!$B$19,IF(H137=I137,Assumptions!$B$20,Assumptions!$B$21))) -> 70 | U137: =ROUND(P137*Assumptions!$B$2+Q137*Assumptions!$B$3+R137*Assumptions!$B$4+S137*Assumptions!$B$5+T137*Assumptions!$B$6,0) -> 69 | V137: =IF(U137>=Assumptions!$B$10,"Healthy",IF(U137>=Assumptions!$B$11,"Needs Attention","High Risk")) -> Needs Attention
A138: ACC-12560 | B138: Urbanworks LLC | C138: Enterprise | D138: Growth | E138: North America | F138: Rahul Mehta | G138: 2027-05-01 | H138: 12800 | I138: 12800 | J138: 0.827 | K138: 10.3 | L138: 9 | M138: 2 | N138: Completed On Time | O138: =H138*12 -> 153600 | P138: =MIN(100,ROUND(100*J138/Assumptions!$B$8,0)) -> 92 | Q138: =IF(L138="",Assumptions!$B$9,L138*10) -> 90 | R138: =IF(M138<=1,Assumptions!$B$12,IF(M138<=3,Assumptions!$B$13,IF(M138<=6,Assumptions!$B$14,Assumptions!$B$15))) -> 75 | S138: =IF(N138="Completed On Time",Assumptions!$B$16,IF(N138="Completed Late",Assumptions!$B$17,Assumptions!$B$18)) -> 100 | T138: =IF(I138=0,Assumptions!$B$20,IF(H138>I138,Assumptions!$B$19,IF(H138=I138,Assumptions!$B$20,Assumptions!$B$21))) -> 70 | U138: =ROUND(P138*Assumptions!$B$2+Q138*Assumptions!$B$3+R138*Assumptions!$B$4+S138*Assumptions!$B$5+T138*Assumptions!$B$6,0) -> 85 | V138: =IF(U138>=Assumptions!$B$10,"Healthy",IF(U138>=Assumptions!$B$11,"Needs Attention","High Risk")) -> Healthy
A139: ACC-10623 | B139: Novasphere Co | C139: Enterprise | D139: Growth | E139: North America | F139: Priya Sharma | G139: 2027-01-01 | H139: 12775 | I139: 12775 | J139: 0.831 | K139: 10 | L139: 10 | M139: 2 | N139: Completed On Time | O139: =H139*12 -> 153300 | P139: =MIN(100,ROUND(100*J139/Assumptions!$B$8,0)) -> 92 | Q139: =IF(L139="",Assumptions!$B$9,L139*10) -> 100 | R139: =IF(M139<=1,Assumptions!$B$12,IF(M139<=3,Assumptions!$B$13,IF(M139<=6,Assumptions!$B$14,Assumptions!$B$15))) -> 75 | S139: =IF(N139="Completed On Time",Assumptions!$B$16,IF(N139="Completed Late",Assumptions!$B$17,Assumptions!$B$18)) -> 100 | T139: =IF(I139=0,Assumptions!$B$20,IF(H139>I139,Assumptions!$B$19,IF(H139=I139,Assumptions!$B$20,Assumptions!$B$21))) -> 70 | U139: =ROUND(P139*Assumptions!$B$2+Q139*Assumptions!$B$3+R139*Assumptions!$B$4+S139*Assumptions!$B$5+T139*Assumptions!$B$6,0) -> 87 | V139: =IF(U139>=Assumptions!$B$10,"Healthy",IF(U139>=Assumptions!$B$11,"Needs Attention","High Risk")) -> Healthy
A140: ACC-10579 | B140: Pixelbridge Co | C140: Enterprise | D140: Enterprise | E140: EMEA | F140: Aisha Khan | G140: 2027-08-01 | H140: 12735 | I140: 12735 | J140: 0.516 | K140: 6.3 | L140: 6 | M140: 3 | N140: Completed On Time | O140: =H140*12 -> 152820 | P140: =MIN(100,ROUND(100*J140/Assumptions!$B$8,0)) -> 57 | Q140: =IF(L140="",Assumptions!$B$9,L140*10) -> 60 | R140: =IF(M140<=1,Assumptions!$B$12,IF(M140<=3,Assumptions!$B$13,IF(M140<=6,Assumptions!$B$14,Assumptions!$B$15))) -> 75 | S140: =IF(N140="Completed On Time",Assumptions!$B$16,IF(N140="Completed Late",Assumptions!$B$17,Assumptions!$B$18)) -> 100 | T140: =IF(I140=0,Assumptions!$B$20,IF(H140>I140,Assumptions!$B$19,IF(H140=I140,Assumptions!$B$20,Assumptions!$B$21))) -> 70 | U140: =ROUND(P140*Assumptions!$B$2+Q140*Assumptions!$B$3+R140*Assumptions!$B$4+S140*Assumptions!$B$5+T140*Assumptions!$B$6,0) -> 67 | V140: =IF(U140>=Assumptions!$B$10,"Healthy",IF(U140>=Assumptions!$B$11,"Needs Attention","High Risk")) -> Needs Attention
A141: ACC-11087 | B141: Lumenbridge Technologies | C141: Enterprise | D141: Enterprise | E141: LATAM | F141: Sofia Alvarez | G141: 2027-01-01 | H141: 12735 | I141: 12735 | J141: 0.589 | K141: 5.3 | L141: 8 | M141: 5 | N141: Completed Late | O141: =H141*12 -> 152820 | P141: =MIN(100,ROUND(100*J141/Assumptions!$B$8,0)) -> 65 | Q141: =IF(L141="",Assumptions!$B$9,L141*10) -> 80 | R141: =IF(M141<=1,Assumptions!$B$12,IF(M141<=3,Assumptions!$B$13,IF(M141<=6,Assumptions!$B$14,Assumptions!$B$15))) -> 50 | S141: =IF(N141="Completed On Time",Assumptions!$B$16,IF(N141="Completed Late",Assumptions!$B$17,Assumptions!$B$18)) -> 60 | T141: =IF(I141=0,Assumptions!$B$20,IF(H141>I141,Assumptions!$B$19,IF(H141=I141,Assumptions!$B$20,Assumptions!$B$21))) -> 70 | U141: =ROUND(P141*Assumptions!$B$2+Q141*Assumptions!$B$3+R141*Assumptions!$B$4+S141*Assumptions!$B$5+T141*Assumptions!$B$6,0) -> 66 | V141: =IF(U141>=Assumptions!$B$10,"Healthy",IF(U141>=Assumptions!$B$11,"Needs Attention","High Risk")) -> Needs Attention
A142: ACC-11196 | B142: Peakforge Systems | C142: Enterprise | D142: Enterprise | E142: APAC | F142: Sofia Alvarez | G142: 2027-04-01 | H142: 12735 | I142: 12735 | J142: 0.723 | K142: 10.3 | L142: 6 | M142: 2 | N142: Completed On Time | O142: =H142*12 -> 152820 | P142: =MIN(100,ROUND(100*J142/Assumptions!$B$8,0)) -> 80 | Q142: =IF(L142="",Assumptions!$B$9,L142*10) -> 60 | R142: =IF(M142<=1,Assumptions!$B$12,IF(M142<=3,Assumptions!$B$13,IF(M142<=6,Assumptions!$B$14,Assumptions!$B$15))) -> 75 | S142: =IF(N142="Completed On Time",Assumptions!$B$16,IF(N142="Completed Late",Assumptions!$B$17,Assumptions!$B$18)) -> 100 | T142: =IF(I142=0,Assumptions!$B$20,IF(H142>I142,Assumptions!$B$19,IF(H142=I142,Assumptions!$B$20,Assumptions!$B$21))) -> 70 | U142: =ROUND(P142*Assumptions!$B$2+Q142*Assumptions!$B$3+R142*Assumptions!$B$4+S142*Assumptions!$B$5+T142*Assumptions!$B$6,0) -> 75 | V142: =IF(U142>=Assumptions!$B$10,"Healthy",IF(U142>=Assumptions!$B$11,"Needs Attention","High Risk")) -> Needs Attention
A143: ACC-11300 | B143: Coresphere Systems | C143: Enterprise | D143: Enterprise | E143: North America | F143: Priya Sharma | G143: 2027-05-01 | H143: 12555 | I143: 12555 | J143: 0.648 | K143: 8 | L143: 6 | M143: 6 | N143: Completed On Time | O143: =H143*12 -> 150660 | P143: =MIN(100,ROUND(100*J143/Assumptions!$B$8,0)) -> 72 | Q143: =IF(L143="",Assumptions!$B$9,L143*10) -> 60 | R143: =IF(M143<=1,Assumptions!$B$12,IF(M143<=3,Assumptions!$B$13,IF(M143<=6,Assumptions!$B$14,Assumptions!$B$15))) -> 50 | S143: =IF(N143="Completed On Time",Assumptions!$B$16,IF(N143="Completed Late",Assumptions!$B$17,Assumptions!$B$18)) -> 100 | T143: =IF(I143=0,Assumptions!$B$20,IF(H143>I143,Assumptions!$B$19,IF(H143=I143,Assumptions!$B$20,Assumptions!$B$21))) -> 70 | U143: =ROUND(P143*Assumptions!$B$2+Q143*Assumptions!$B$3+R143*Assumptions!$B$4+S143*Assumptions!$B$5+T143*Assumptions!$B$6,0) -> 69 | V143: =IF(U143>=Assumptions!$B$10,"Healthy",IF(U143>=Assumptions!$B$11,"Needs Attention","High Risk")) -> Needs Attention
A144: ACC-10008 | B144: Swiftsphere Co | C144: Enterprise | D144: Enterprise | E144: APAC | F144: Neha Iyer | G144: 2027-08-01 | H144: 12510 | I144: 12510 | J144: 0.905 | K144: 11 | L144: 9 | M144: 0 | N144: Completed On Time | O144: =H144*12 -> 150120 | P144: =MIN(100,ROUND(100*J144/Assumptions!$B$8,0)) -> 100 | Q144: =IF(L144="",Assumptions!$B$9,L144*10) -> 90 | R144: =IF(M144<=1,Assumptions!$B$12,IF(M144<=3,Assumptions!$B$13,IF(M144<=6,Assumptions!$B$14,Assumptions!$B$15))) -> 100 | S144: =IF(N144="Completed On Time",Assumptions!$B$16,IF(N144="Completed Late",Assumptions!$B$17,Assumptions!$B$18)) -> 100 | T144: =IF(I144=0,Assumptions!$B$20,IF(H144>I144,Assumptions!$B$19,IF(H144=I144,Assumptions!$B$20,Assumptions!$B$21))) -> 70 | U144: =ROUND(P144*Assumptions!$B$2+Q144*Assumptions!$B$3+R144*Assumptions!$B$4+S144*Assumptions!$B$5+T144*Assumptions!$B$6,0) -> 92 | V144: =IF(U144>=Assumptions!$B$10,"Healthy",IF(U144>=Assumptions!$B$11,"Needs Attention","High Risk")) -> Healthy
... A164: ACC-11989 | B164: Brightbase Technologies | C164: Mid-Market | D164: Enterprise | E164: APAC | F164: Marco Rossi | G164: 2027-03-01 | H164: 11430 | I164: 11430 | J164: 0.724 | K164: 9.7 | L164: 9 | M164: 7 | N164: Completed On Time | O164: =H164*12 -> 137160 | P164: =MIN(100,ROUND(100*J164/Assumptions!$B$8,0)) -> 80 | Q164: =IF(L164="",Assumptions!$B$9,L164*10) -> 90 | R164: =IF(M164<=1,Assumptions!$B$12,IF(M164<=3,Assumptions!$B$13,IF(M164<=6,Assumptions!$B$14,Assumptions!$B$15))) -> 20 | S164: =IF(N164="Completed On Time",Assumptions!$B$16,IF(N164="Completed Late",Assumptions!$B$17,Assumptions!$B$18)) -> 100 | T164: =IF(I164=0,Assumptions!$B$20,IF(H164>I164,Assumptions!$B$19,IF(H164=I164,Assumptions!$B$20,Assumptions!$B$21))) -> 70 | U164: =ROUND(P164*Assumptions!$B$2+Q164*Assumptions!$B$3+R164*Assumptions!$B$4+S164*Assumptions!$B$5+T164*Assumptions!$B$6,0) -> 73 | V164: =IF(U164>=Assumptions!$B$10,"Healthy",IF(U164>=Assumptions!$B$11,"Needs Attention","High Risk")) -> Needs Attention
A165: ACC-11879 | B165: Urbanbridge Co | C165: Enterprise | D165: Enterprise | E165: North America | F165: Marco Rossi | G165: 2027-07-01 | H165: 11385 | I165: 0 | J165: 0.905 | K165: 12 | M165: 1 | N165: Completed On Time | O165: =H165*12 -> 136620 | P165: =MIN(100,ROUND(100*J165/Assumptions!$B$8,0)) -> 100 | Q165: =IF(L165="",Assumptions!$B$9,L165*10) -> 50 | R165: =IF(M165<=1,Assumptions!$B$12,IF(M165<=3,Assumptions!$B$13,IF(M165<=6,Assumptions!$B$14,Assumptions!$B$15))) -> 100 | S165: =IF(N165="Completed On Time",Assumptions!$B$16,IF(N165="Completed Late",Assumptions!$B$17,Assumptions!$B$18)) -> 100 | T165: =IF(I165=0,Assumptions!$B$20,IF(H165>I165,Assumptions!$B$19,IF(H165=I165,Assumptions!$B$20,Assumptions!$B$21))) -> 70 | U165: =ROUND(P165*Assumptions!$B$2+Q165*Assumptions!$B$3+R165*Assumptions!$B$4+S165*Assumptions!$B$5+T165*Assumptions!$B$6,0) -> 84 | V165: =IF(U165>=Assumptions!$B$10,"Healthy",IF(U165>=Assumptions!$B$11,"Needs Attention","High Risk")) -> Healthy
A166: ACC-12064 | B166: Vertexline Ltd | C166: Enterprise | D166: Enterprise | E166: EMEA | F166: Emily Chen | G166: 2027-02-01 | H166: 11205 | I166: 11205 | J166: 0.673 | K166: 7 | L166: 7 | M166: 3 | N166: Completed Late | O166: =H166*12 -> 134460 | P166: =MIN(100,ROUND(100*J166/Assumptions!$B$8,0)) -> 75 | Q166: =IF(L166="",Assumptions!$B$9,L166*10) -> 70 | R166: =IF(M166<=1,Assumptions!$B$12,IF(M166<=3,Assumptions!$B$13,IF(M166<=6,Assumptions!$B$14,Assumptions!$B$15))) -> 75 | S166: =IF(N166="Completed On Time",Assumptions!$B$16,IF(N166="Completed Late",Assumptions!$B$17,Assumptions!$B$18)) -> 60 | T166: =IF(I166=0,Assumptions!$B$20,IF(H166>I166,Assumptions!$B$19,IF(H166=I166,Assumptions!$B$20,Assumptions!$B$21))) -> 70 | U166: =ROUND(P166*Assumptions!$B$2+Q166*Assumptions!$B$3+R166*Assumptions!$B$4+S166*Assumptions!$B$5+T166*Assumptions!$B$6,0) -> 72 | V166: =IF(U166>=Assumptions!$B$10,"Healthy",IF(U166>=Assumptions!$B$11,"Needs Attention","High Risk")) -> Needs Attention
A167: ACC-10508 | B167: Brightpoint Solutions | C167: Enterprise | D167: Enterprise | E167: North America | F167: Rahul Mehta | G167: 2027-10-01 | H167: 11160 | I167: 11160 | J167: 0.743 | K167: 7.7 | L167: 8 | M167: 4 | N167: Completed Late | O167: =H167*12 -> 133920 | P167: =MIN(100,ROUND(100*J167/Assumptions!$B$8,0)) -> 83 | Q167: =IF(L167="",Assumptions!$B$9,L167*10) -> 80 | R167: =IF(M167<=1,Assumptions!$B$12,IF(M167<=3,Assumptions!$B$13,IF(M167<=6,Assumptions!$B$14,Assumptions!$B$15))) -> 50 | S167: =IF(N167="Completed On Time",Assumptions!$B$16,IF(N167="Completed Late",Assumptions!$B$17,Assumptions!$B$18)) -> 60 | T167: =IF(I167=0,Assumptions!$B$20,IF(H167>I167,Assumptions!$B$19,IF(H167=I167,Assumptions!$B$20,Assumptions!$B$21))) -> 70 | U167: =ROUND(P167*Assumptions!$B$2+Q167*Assumptions!$B$3+R167*Assumptions!$B$4+S167*Assumptions!$B$5+T167*Assumptions!$B$6,0) -> 73 | V167: =IF(U167>=Assumptions!$B$10,"Healthy",IF(U167>=Assumptions!$B$11,"Needs Attention","High Risk")) -> Needs Attention
A168: ACC-10412 | B168: Swiftcraft Inc | C168: Enterprise | D168: Enterprise | E168: EMEA | F168: Rahul Mehta | G168: 2027-03-01 | H168: 11115 | I168: 11115 | J168: 0.636 | K168: 7.3 | L168: 10 | M168: 4 | N168: Completed On Time | O168: =H168*12 -> 133380 | P168: =MIN(100,ROUND(100*J168/Assumptions!$B$8,0)) -> 71 | Q168: =IF(L168="",Assumptions!$B$9,L168*10) -> 100 | R168: =IF(M168<=1,Assumptions!$B$12,IF(M168<=3,Assumptions!$B$13,IF(M168<=6,Assumptions!$B$14,Assumptions!$B$15))) -> 50 | S168: =IF(N168="Completed On Time",Assumptions!$B$16,IF(N168="Completed Late",Assumptions!$B$17,Assumptions!$B$18)) -> 100 | T168: =IF(I168=0,Assumptions!$B$20,IF(H168>I168,Assumptions!$B$19,IF(H168=I168,Assumptions!$B$20,Assumptions!$B$21))) -> 70 | U168: =ROUND(P168*Assumptions!$B$2+Q168*Assumptions!$B$3+R168*Assumptions!$B$4+S168*Assumptions!$B$5+T168*Assumptions!$B$6,0) -> 76 | V168: =IF(U168>=Assumptions!$B$10,"Healthy",IF(U168>=Assumptions!$B$11,"Needs Attention","High Risk")) -> Needs Attention
A169: ACC-11388 | B169: Orbitly Inc | C169: Enterprise | D169: Growth | E169: EMEA | F169: Lucas Martin | G169: 2027-12-01 | H169: 11075 | I169: 11075 | J169: 0.692 | K169: 9 | L169: 7 | M169: 7 | N169: Completed On Time | O169: =H169*12 -> 132900 | P169: =MIN(100,ROUND(100*J169/Assumptions!$B$8,0)) -> 77 | Q169: =IF(L169="",Assumptions!$B$9,L169*10) -> 70 | R169: =IF(M169<=1,Assumptions!$B$12,IF(M169<=3,Assumptions!$B$13,IF(M169<=6,Assumptions!$B$14,Assumptions!$B$15))) -> 20 | S169: =IF(N169="Completed On Time",Assumptions!$B$16,IF(N169="Completed Late",Assumptions!$B$17,Assumptions!$B$18)) -> 100 | T169: =IF(I169=0,Assumptions!$B$20,IF(H169>I169,Assumptions!$B$19,IF(H169=I169,Assumptions!$B$20,Assumptions!$B$21))) -> 70 | U169: =ROUND(P169*Assumptions!$B$2+Q169*Assumptions!$B$3+R169*Assumptions!$B$4+S169*Assumptions!$B$5+T169*Assumptions!$B$6,0) -> 68 | V169: =IF(U169>=Assumptions!$B$10,"Healthy",IF(U169>=Assumptions!$B$11,"Needs Attention","High Risk")) -> Needs Attention
A170: ACC-11652 | B170: Primemind Solutions | C170: Enterprise | D170: Enterprise | E170: EMEA | F170: Lucas Martin | G170: 2027-11-01 | H170: 11070 | I170: 11070 | J170: 0.593 | K170: 6.3 | L170: 7 | M170: 5 | N170: Completed Late | O170: =H170*12 -> 132840 | P170: =MIN(100,ROUND(100*J170/Assumptions!$B$8,0)) -> 66 | Q170: =IF(L170="",Assumptions!$B$9,L170*10) -> 70 | R170: =IF(M170<=1,Assumptions!$B$12,IF(M170<=3,Assumptions!$B$13,IF(M170<=6,Assumptions!$B$14,Assumptions!$B$15))) -> 50 | S170: =IF(N170="Completed On Time",Assumptions!$B$16,IF(N170="Completed Late",Assumptions!$B$17,Assumptions!$B$18)) -> 60 | T170: =IF(I170=0,Assumptions!$B$20,IF(H170>I170,Assumptions!$B$19,IF(H170=I170,Assumptions!$B$20,Assumptions!$B$21))) -> 70 | U170: =ROUND(P170*Assumptions!$B$2+Q170*Assumptions!$B$3+R170*Assumptions!$B$4+S170*Assumptions!$B$5+T170*Assumptions!$B$6,0) -> 65 | V170: =IF(U170>=Assumptions!$B$10,"Healthy",IF(U170>=Assumptions!$B$11,"Needs Attention","High Risk")) -> Needs Attention
A171: ACC-12231 | B171: Silverscale Co | C171: Enterprise | D171: Growth | E171: North America | F171: Lucas Martin | G171: 2027-09-01 | H171: 10975 | I171: 10975 | J171: 0.812 | K171: 11 | L171: 10 | M171: 0 | N171: Completed On Time | O171: =H171*12 -> 131700 | P171: =MIN(100,ROUND(100*J171/Assumptions!$B$8,0)) -> 90 | Q171: =IF(L171="",Assumptions!$B$9,L171*10) -> 100 | R171: =IF(M171<=1,Assumptions!$B$12,IF(M171<=3,Assumptions!$B$13,IF(M171<=6,Assumptions!$B$14,Assumptions!$B$15))) -> 100 | S171: =IF(N171="Completed On Time",Assumptions!$B$16,IF(N171="Completed Late",Assumptions!$B$17,Assumptions!$B$18)) -> 100 | T171: =IF(I171=0,Assumptions!$B$20,IF(H171>I171,Assumptions!$B$19,IF(H171=I171,Assumptions!$B$20,Assumptions!$B$21))) -> 70 | U171: =ROUND(P171*Assumptions!$B$2+Q171*Assumptions!$B$3+R171*Assumptions!$B$4+S171*Assumptions!$B$5+T171*Assumptions!$B$6,0) -> 91 | V171: =IF(U171>=Assumptions!$B$10,"Healthy",IF(U171>=Assumptions!$B$11,"Needs Attention","High Risk")) -> Healthy
A172: ACC-10834 | B172: Corepath Technologies | C172: Mid-Market | D172: Enterprise | E172: EMEA | F172: James Carter | G172: 2027-11-01 | H172: 10935 | I172: 10935 | J172: 0.727 | K172: 8.3 | L172: 9 | M172: 4 | N172: Completed On Time | O172: =H172*12 -> 131220 | P172: =MIN(100,ROUND(100*J172/Assumptions!$B$8,0)) -> 81 | Q172: =IF(L172="",Assumptions!$B$9,L172*10) -> 90 | R172: =IF(M172<=1,Assumptions!$B$12,IF(M172<=3,Assumptions!$B$13,IF(M172<=6,Assumptions!$B$14,Assumptions!$B$15))) -> 50 | S172: =IF(N172="Completed On Time",Assumptions!$B$16,IF(N172="Completed Late",Assumptions!$B$17,Assumptions!$B$18)) -> 100 | T172: =IF(I172=0,Assumptions!$B$20,IF(H172>I172,Assumptions!$B$19,IF(H172=I172,Assumptions!$B$20,Assumptions!$B$21))) -> 70 | U172: =ROUND(P172*Assumptions!$B$2+Q172*Assumptions!$B$3+R172*Assumptions!$B$4+S172*Assumptions!$B$5+T172*Assumptions!$B$6,0) -> 78 | V172: =IF(U172>=Assumptions!$B$10,"Healthy",IF(U172>=Assumptions!$B$11,"Needs Attention","High Risk")) -> Needs Attention
A173: ACC-12180 | B173: Urbangrid Solutions | C173: Enterprise | D173: Enterprise | E173: North America | F173: Daniel Brooks | G173: 2027-06-01 | H173: 10890 | I173: 10890 | J173: 0.727 | K173: 8 | L173: 7 | M173: 6 | N173: Completed Late | O173: =H173*12 -> 130680 | P173: =MIN(100,ROUND(100*J173/Assumptions!$B$8,0)) -> 81 | Q173: =IF(L173="",Assumptions!$B$9,L173*10) -> 70 | R173: =IF(M173<=1,Assumptions!$B$12,IF(M173<=3,Assumptions!$B$13,IF(M173<=6,Assumptions!$B$14,Assumptions!$B$15))) -> 50 | S173: =IF(N173="Completed On Time",Assumptions!$B$16,IF(N173="Completed Late",Assumptions!$B$17,Assumptions!$B$18)) -> 60 | T173: =IF(I173=0,Assumptions!$B$20,IF(H173>I173,Assumptions!$B$19,IF(H173=I173,Assumptions!$B$20,Assumptions!$B$21))) -> 70 | U173: =ROUND(P173*Assumptions!$B$2+Q173*Assumptions!$B$3+R173*Assumptions!$B$4+S173*Assumptions!$B$5+T173*Assumptions!$B$6,0) -> 70 | V173: =IF(U173>=Assumptions!$B$10,"Healthy",IF(U173>=Assumptions!$B$11,"Needs Attention","High Risk")) -> Needs Attention
...

Sheet Monthly_MRR
A1: Month | B1: Total MRR | C1: Paying customers | D1: New MRR | E1: Expansion MRR | F1: Contraction MRR | G1: Churned MRR | H1: Customers at start | I1: Customers churned | J1: ARR | K1: Net new MRR | L1: MoM MRR growth | M1: Logo churn rate | N1: Avg MRR per customer
A2: 45292 | B2: 1149201 | C2: 476 | D2: 0 | E2: 0 | F2: 0 | G2: 0 | H2: 0 | I2: 0 | J2: =B2*12 -> 13790412 | K2: =D2+E2-F2-G2 -> 0 | M2: =IFERROR(I2/H2,0) -> 0 | N2: =IFERROR(B2/C2,0) -> 2414.2878
A3: 45323 | B3: 1283681 | C3: 536 | D3: 134480 | E3: 0 | F3: 0 | G3: 0 | H3: 476 | I3: 0 | J3: =B3*12 -> 15404172 | K3: =D3+E3-F3-G3 -> 134480 | L3: =IFERROR(B3/B2-1,0) -> 0.11702043 | M3: =IFERROR(I3/H3,0) -> 0 | N3: =IFERROR(B3/C3,0) -> 2394.9272
A4: 45352 | B4: 1473385 | C4: 603 | D4: 183727 | E4: 10627 | F4: 550 | G4: 4100 | H4: 536 | I4: 3 | J4: =B4*12 -> 17680620 | K4: =D4+E4-F4-G4 -> 189704 | L4: =IFERROR(B4/B3-1,0) -> 0.14778126 | M4: =IFERROR(I4/H4,0) -> 0.0055970149 | N4: =IFERROR(B4/C4,0) -> 2443.4245
A5: 45383 | B5: 1663172 | C5: 672 | D5: 198114 | E5: 10714 | F5: 1684 | G5: 17357 | H5: 603 | I5: 6 | J5: =B5*12 -> 19958064 | K5: =D5+E5-F5-G5 -> 189787 | L5: =IFERROR(B5/B4-1,0) -> 0.12881019 | M5: =IFERROR(I5/H5,0) -> 0.0099502488 | N5: =IFERROR(B5/C5,0) -> 2474.9583
A6: 45413 | B6: 1884399 | C6: 734 | D6: 241615 | E6: 8260 | F6: 6289 | G6: 22359 | H6: 672 | I6: 8 | J6: =B6*12 -> 22612788 | K6: =D6+E6-F6-G6 -> 221227 | L6: =IFERROR(B6/B5-1,0) -> 0.13301511 | M6: =IFERROR(I6/H6,0) -> 0.011904762 | N6: =IFERROR(B6/C6,0) -> 2567.3011
A7: 45444 | B7: 2081709 | C7: 791 | D7: 200309 | E7: 7128 | F7: 625 | G7: 9502 | H7: 734 | I7: 9 | J7: =B7*12 -> 24980508 | K7: =D7+E7-F7-G7 -> 197310 | L7: =IFERROR(B7/B6-1,0) -> 0.10470712 | M7: =IFERROR(I7/H7,0) -> 0.01226158 | N7: =IFERROR(B7/C7,0) -> 2631.7434
A8: 45474 | B8: 2272819 | C8: 857 | D8: 212045 | E8: 10429 | F8: 224 | G8: 31140 | H8: 791 | I8: 9 | J8: =B8*12 -> 27273828 | K8: =D8+E8-F8-G8 -> 191110 | L8: =IFERROR(B8/B7-1,0) -> 0.091804378 | M8: =IFERROR(I8/H8,0) -> 0.011378003 | N8: =IFERROR(B8/C8,0) -> 2652.0642
A9: 45505 | B9: 2449938 | C9: 909 | D9: 207264 | E9: 6220 | F9: 375 | G9: 35990 | H9: 857 | I9: 11 | J9: =B9*12 -> 29399256 | K9: =D9+E9-F9-G9 -> 177119 | L9: =IFERROR(B9/B8-1,0) -> 0.077929215 | M9: =IFERROR(I9/H9,0) -> 0.012835473 | N9: =IFERROR(B9/C9,0) -> 2695.2013
A10: 45536 | B10: 2591221 | C10: 979 | D10: 162778 | E10: 7024 | F10: 802 | G10: 27717 | H10: 909 | I10: 9 | J10: =B10*12 -> 31094652 | K10: =D10+E10-F10-G10 -> 141283 | L10: =IFERROR(B10/B9-1,0) -> 0.05766799 | M10: =IFERROR(I10/H10,0) -> 0.0099009901 | N10: =IFERROR(B10/C10,0) -> 2646.8039
A11: 45566 | B11: 2793700 | C11: 1025 | D11: 224718 | E11: 3006 | F11: 2356 | G11: 22889 | H11: 979 | I11: 17 | J11: =B11*12 -> 33524400 | K11: =D11+E11-F11-G11 -> 202479 | L11: =IFERROR(B11/B10-1,0) -> 0.078140382 | M11: =IFERROR(I11/H11,0) -> 0.017364658 | N11: =IFERROR(B11/C11,0) -> 2725.561
A12: 45597 | B12: 2979314 | C12: 1095 | D12: 223020 | E12: 16716 | F12: 3814 | G12: 50308 | H12: 1025 | I12: 10 | J12: =B12*12 -> 35751768 | K12: =D12+E12-F12-G12 -> 185614 | L12: =IFERROR(B12/B11-1,0) -> 0.066440205 | M12: =IFERROR(I12/H12,0) -> 0.0097560976 | N12: =IFERROR(B12/C12,0) -> 2720.8347
A13: 45627 | B13: 3140350 | C13: 1140 | D13: 171822 | E13: 8329 | F13: 2400 | G13: 16715 | H13: 1095 | I13: 10 | J13: =B13*12 -> 37684200 | K13: =D13+E13-F13-G13 -> 161036 | L13: =IFERROR(B13/B12-1,0) -> 0.054051369 | M13: =IFERROR(I13/H13,0) -> 0.0091324201 | N13: =IFERROR(B13/C13,0) -> 2754.693
A14: 45658 | B14: 3319851 | C14: 1207 | D14: 181053 | E14: 16704 | F14: 1631 | G14: 16625 | H14: 1140 | I14: 9 | J14: =B14*12 -> 39838212 | K14: =D14+E14-F14-G14 -> 179501 | L14: =IFERROR(B14/B13-1,0) -> 0.057159552 | M14: =IFERROR(I14/H14,0) -> 0.0078947368 | N14: =IFERROR(B14/C14,0) -> 2750.4979
... A34: 46266 | B34: 6299607 | C34: 2121 | D34: 0 | E34: 42446 | F34: 1714 | G34: 48717 | H34: 2139 | I34: 18 | J34: =B34*12 -> 75595284 | K34: =D34+E34-F34-G34 -> -7985 | L34: =IFERROR(B34/B33-1,0) -> -0.0012659348 | M34: =IFERROR(I34/H34,0) -> 0.0084151473 | N34: =IFERROR(B34/C34,0) -> 2970.1117
A36: Jan 2024 movement columns are 0 because there is no prior month to compare against.

Sheet Retention_Cohort
A1: account_id | B1: segment | C1: MRR Sep 2025 | D1: MRR Sep 2026 | E1: Retained MRR (capped) | F1: Still a customer?
A2: ACC-11133 | B2: Enterprise | C2: 32985 | D2: 32985 | E2: =MIN(C2,D2) -> 32985 | F2: =IF(D2>0,1,0) -> 1
A3: ACC-12113 | B3: Enterprise | C3: 31725 | D3: 0 | E3: =MIN(C3,D3) -> 0 | F3: =IF(D3>0,1,0) -> 0
A4: ACC-11722 | B4: Enterprise | C4: 31275 | D4: 31275 | E4: =MIN(C4,D4) -> 31275 | F4: =IF(D4>0,1,0) -> 1
A5: ACC-11225 | B5: Enterprise | C5: 29925 | D5: 29925 | E5: =MIN(C5,D5) -> 29925 | F5: =IF(D5>0,1,0) -> 1
A6: ACC-12391 | B6: Enterprise | C6: 29745 | D6: 29745 | E6: =MIN(C6,D6) -> 29745 | F6: =IF(D6>0,1,0) -> 1
A7: ACC-12541 | B7: Enterprise | C7: 29655 | D7: 34785 | E7: =MIN(C7,D7) -> 29655 | F7: =IF(D7>0,1,0) -> 1
A8: ACC-12420 | B8: Enterprise | C8: 28035 | D8: 28035 | E8: =MIN(C8,D8) -> 28035 | F8: =IF(D8>0,1,0) -> 1
A9: ACC-11707 | B9: Enterprise | C9: 26775 | D9: 26775 | E9: =MIN(C9,D9) -> 26775 | F9: =IF(D9>0,1,0) -> 1
A10: ACC-11275 | B10: Enterprise | C10: 26730 | D10: 26730 | E10: =MIN(C10,D10) -> 26730 | F10: =IF(D10>0,1,0) -> 1
A11: ACC-11371 | B11: Enterprise | C11: 26640 | D11: 26640 | E11: =MIN(C11,D11) -> 26640 | F11: =IF(D11>0,1,0) -> 1
A12: ACC-10275 | B12: Enterprise | C12: 26550 | D12: 26550 | E12: =MIN(C12,D12) -> 26550 | F12: =IF(D12>0,1,0) -> 1
A13: ACC-10743 | B13: Enterprise | C13: 26325 | D13: 26325 | E13: =MIN(C13,D13) -> 26325 | F13: =IF(D13>0,1,0) -> 1
... A1621: ACC-11507 | B1621: SMB | C1621: 48 | D1621: 0 | E1621: =MIN(C1621,D1621) -> 0 | F1621: =IF(D1621>0,1,0) -> 0

Sheet NPS_Responses
A1: response_id | B1: account_id | C1: segment | D1: survey_date | E1: nps_score | F1: Category
A2: NPS-02444 | B2: ACC-10860 | C2: Enterprise | D2: 45901 | E2: 10 | F2: =IF(E2>=9,"Promoter",IF(E2>=7,"Passive","Detractor")) -> Promoter
A3: NPS-04278 | B3: ACC-11535 | C3: Mid-Market | D3: 45901 | E3: 6 | F3: =IF(E3>=9,"Promoter",IF(E3>=7,"Passive","Detractor")) -> Detractor
A4: NPS-05102 | B4: ACC-11817 | C4: Enterprise | D4: 45901 | E4: 10 | F4: =IF(E4>=9,"Promoter",IF(E4>=7,"Passive","Detractor")) -> Promoter
A5: NPS-06575 | B5: ACC-12343 | C5: SMB | D5: 45901 | E5: 8 | F5: =IF(E5>=9,"Promoter",IF(E5>=7,"Passive","Detractor")) -> Passive
A6: NPS-06944 | B6: ACC-12475 | C6: SMB | D6: 45901 | E6: 7 | F6: =IF(E6>=9,"Promoter",IF(E6>=7,"Passive","Detractor")) -> Passive
A7: NPS-01880 | B7: ACC-10656 | C7: SMB | D7: 45902 | E7: 7 | F7: =IF(E7>=9,"Promoter",IF(E7>=7,"Passive","Detractor")) -> Passive
A8: NPS-06879 | B8: ACC-12448 | C8: SMB | D8: 45902 | E8: 7 | F8: =IF(E8>=9,"Promoter",IF(E8>=7,"Passive","Detractor")) -> Passive
A9: NPS-00066 | B9: ACC-10021 | C9: SMB | D9: 45903 | E9: 6 | F9: =IF(E9>=9,"Promoter",IF(E9>=7,"Passive","Detractor")) -> Detractor
A10: NPS-00442 | B10: ACC-10165 | C10: SMB | D10: 45903 | E10: 10 | F10: =IF(E10>=9,"Promoter",IF(E10>=7,"Passive","Detractor")) -> Promoter
A11: NPS-00519 | B11: ACC-10192 | C11: SMB | D11: 45903 | E11: 9 | F11: =IF(E11>=9,"Promoter",IF(E11>=7,"Passive","Detractor")) -> Promoter
A12: NPS-01833 | B12: ACC-10643 | C12: Mid-Market | D12: 45903 | E12: 9 | F12: =IF(E12>=9,"Promoter",IF(E12>=7,"Passive","Detractor")) -> Promoter
A13: NPS-02010 | B13: ACC-10703 | C13: Enterprise | D13: 45903 | E13: 8 | F13: =IF(E13>=9,"Promoter",IF(E13>=7,"Passive","Detractor")) -> Passive
... A4016: NPS-05547 | B4016: ACC-11975 | C4016: SMB | D4016: 46290 | E4016: 10 | F4016: =IF(E4016>=9,"Promoter",IF(E4016>=7,"Passive","Detractor")) -> Promoter

Sheet Accounts
A1: account_id | B1: company_name | C1: industry | D1: region | E1: segment | F1: plan | G1: csm_owner | H1: acquisition_channel | I1: signup_date | J1: renewal_date | K1: status | L1: churn_date | M1: churn_reason | N1: price_per_seat | O1: contracted_seats_at_start | P1: onboarding_status
A2: ACC-10001 | B2: Blueline Technologies | C2: Logistics | D2: EMEA | E2: Mid-Market | F2: Growth | G2: Neha Iyer | H2: Inbound | I2: 2025-02-25 | J2: 2027-02-01 | K2: Active | N2: 25 | O2: 110 | P2: Completed Late
A3: ACC-10002 | B3: Lumenforge Solutions | C3: Manufacturing | D3: North America | E3: Mid-Market | F3: Growth | G3: Sofia Alvarez | H3: Outbound | I3: 2025-10-23 | J3: 2027-10-01 | K3: Active | N3: 25 | O3: 68 | P3: Completed Late
A4: ACC-10003 | B4: Vertexnest Group | C4: Manufacturing | D4: LATAM | E4: SMB | F4: Starter | G4: Lucas Martin | H4: Outbound | I4: 2026-06-26 | J4: 2027-06-01 | K4: Active | N4: 12 | O4: 27 | P4: Completed On Time
A5: ACC-10004 | B5: Vertexly LLC | C5: Healthcare | D5: North America | E5: Mid-Market | F5: Growth | G5: Rahul Mehta | H5: Self-serve | I5: 2024-09-19 | J5: 2027-09-01 | K5: Active | N5: 25 | O5: 160 | P5: Completed On Time
A6: ACC-10005 | B6: Northsphere Technologies | C6: Manufacturing | D6: APAC | E6: SMB | F6: Growth | G6: Rahul Mehta | H6: Inbound | I6: 2026-08-04 | J6: 2027-08-01 | K6: Active | N6: 25 | O6: 30 | P6: Completed On Time
A7: ACC-10006 | B7: Novaflow Group | C7: Healthcare | D7: APAC | E7: SMB | F7: Growth | G7: Rahul Mehta | H7: Outbound | I7: 2026-01-11 | J7: 2027-01-01 | K7: Active | N7: 25 | O7: 31 | P7: Completed On Time
A8: ACC-10007 | B8: Swiftnest Co | C8: Media & Marketing | D8: APAC | E8: Enterprise | F8: Enterprise | G8: Rahul Mehta | H8: Partner | I8: 2024-09-30 | J8: 2027-09-01 | K8: Active | N8: 45 | O8: 151 | P8: Completed On Time
A9: ACC-10008 | B9: Swiftsphere Co | C9: Healthcare | D9: APAC | E9: Enterprise | F9: Enterprise | G9: Neha Iyer | H9: Partner | I9: 2025-08-08 | J9: 2027-08-01 | K9: Active | N9: 45 | O9: 197 | P9: Completed On Time
A10: ACC-10009 | B10: Northcraft Solutions | C10: Technology | D10: North America | E10: SMB | F10: Starter | G10: Aisha Khan | H10: Inbound | I10: 2024-10-11 | J10: 2027-10-01 | K10: Active | N10: 12 | O10: 38 | P10: Completed On Time
A11: ACC-10010 | B11: Brightstack Solutions | C11: Financial Services | D11: North America | E11: SMB | F11: Growth | G11: Aisha Khan | H11: Inbound | I11: 2025-10-27 | J11: 2027-10-01 | K11: Active | N11: 25 | O11: 19 | P11: Completed On Time
A12: ACC-10011 | B12: Peakwave Inc | C12: Manufacturing | D12: North America | E12: Enterprise | F12: Growth | G12: Daniel Brooks | H12: Partner | I12: 2023-11-30 | J12: 2027-11-01 | K12: Active | N12: 25 | O12: 163 | P12: Completed On Time
A13: ACC-10012 | B13: Primescale Group | C13: Media & Marketing | D13: EMEA | E13: SMB | F13: Starter | G13: Neha Iyer | H13: Outbound | I13: 2024-04-21 | J13: 2027-04-01 | K13: Active | N13: 12 | O13: 20 | P13: Completed On Time
... A15: ACC-10014 | B15: Brightwave Solutions | C15: Financial Services | D15: APAC | E15: SMB | F15: Starter | G15: Neha Iyer | H15: Outbound | I15: 2023-08-09 | J15: 2027-08-01 | K15: Active | N15: 12 | O15: 36 | P15: Completed On Time
A16: ACC-10015 | B16: Northsphere LLC | C16: Education | D16: LATAM | E16: Mid-Market | F16: Enterprise | G16: Daniel Brooks | H16: Outbound | I16: 2023-10-14 | K16: Churned | L16: 2024-10-17 | M16: Low adoption | N16: 45 | O16: 79 | P16: Completed On Time
A17: ACC-10016 | B17: Corebase Solutions | C17: Manufacturing | D17: APAC | E17: SMB | F17: Growth | G17: Neha Iyer | H17: Outbound | I17: 2025-04-17 | K17: Churned | L17: 2025-11-19 | M17: Switched to competitor | N17: 25 | O17: 8 | P17: Completed On Time
A18: ACC-10017 | B18: Northstack Ltd | C18: Financial Services | D18: North America | E18: Mid-Market | F18: Growth | G18: Aisha Khan | H18: Inbound | I18: 2024-02-10 | J18: 2027-02-01 | K18: Active | N18: 25 | O18: 114 | P18: Completed On Time
A19: ACC-10018 | B19: Greenhub Group | C19: Media & Marketing | D19: EMEA | E19: Mid-Market | F19: Enterprise | G19: Priya Sharma | H19: Self-serve | I19: 2025-04-21 | J19: 2027-04-01 | K19: Active | N19: 45 | O19: 92 | P19: Completed On Time
A20: ACC-10019 | B20: Apexstack Co | C20: Technology | D20: North America | E20: SMB | F20: Starter | G20: Neha Iyer | H20: Partner | I20: 2024-04-26 | J20: 2027-04-01 | K20: Active | N20: 12 | O20: 21 | P20: Completed On Time
A21: ACC-10020 | B21: Vertexhub Ltd | C21: Retail & E-commerce | D21: LATAM | E21: Enterprise | F21: Enterprise | G21: Sofia Alvarez | H21: Partner | I21: 2024-04-24 | J21: 2027-04-01 | K21: Active | N21: 45 | O21: 385 | P21: Completed On Time
A22: ACC-10021 | B22: Atlashub LLC | C22: Financial Services | D22: EMEA | E22: SMB | F22: Starter | G22: Priya Sharma | H22: Partner | I22: 2024-06-19 | K22: Churned | L22: 2026-03-23 | M22: Budget cuts | N22: 12 | O22: 23 | P22: Completed On Time
A23: ACC-10022 | B23: Primelogic Group | C23: Manufacturing | D23: North America | E23: SMB | F23: Starter | G23: Sofia Alvarez | H23: Self-serve | I23: 2025-12-06 | J23: 2027-12-01 | K23: Active | N23: 12 | O23: 20 | P23: Completed On Time
A24: ACC-10023 | B24: Greenforge Ltd | C24: Technology | D24: APAC | E24: SMB | F24: Starter | G24: Aisha Khan | H24: Partner | I24: 2024-07-26 | J24: 2027-07-01 | K24: Active | N24: 12 | O24: 17 | P24: Completed On Time
A25: ACC-10024 | B25: Pixelpath Technologies | C25: Media & Marketing | D25: North America | E25: SMB | F25: Starter | G25: Marco Rossi | H25: Inbound | I25: 2025-07-07 | J25: 2027-07-01 | K25: Active | N25: 12 | O25: 11 | P25: Completed On Time
A26: ACC-10025 | B26: Northscale Co | C26: Healthcare | D26: LATAM | E26: Mid-Market | F26: Growth | G26: Rahul Mehta | H26: Partner | I26: 2024-10-20 | J26: 2027-10-01 | K26: Active | N26: 25 | O26: 159 | P26: Completed On Time
A27: ACC-10026 | B27: Corecraft Technologies | C27: Retail & E-commerce | D27: North America | E27: Mid-Market | F27: Growth | G27: Sofia Alvarez | H27: Inbound | I27: 2026-06-30 | J27: 2027-06-01 | K27: Active | N27: 25 | O27: 160 | P27: Completed Late
A28: ACC-10027 | B28: Silverlabs Co | C28: Healthcare | D28: EMEA | E28: Mid-Market | F28: Growth | G28: Neha Iyer | H28: Self-serve | I28: 2024-11-21 | K28: Churned | L28: 2026-07-16 | M28: Switched to competitor | N28: 25 | O28: 141 | P28: Completed On Time
A29: ACC-10028 | B29: Blueflow Co | C29: Education | D29: EMEA | E29: SMB | F29: Starter | G29: Sofia Alvarez | H29: Self-serve | I29: 2026-01-03 | J29: 2027-01-01 | K29: Active | N29: 12 | O29: 32 | P29: Completed On Time
A30: ACC-10029 | B30: Swiftwave Group | C30: Healthcare | D30: North America | E30: SMB | F30: Growth | G30: Lucas Martin | H30: Inbound | I30: 2025-08-21 | J30: 2027-08-01 | K30: Active | N30: 25 | O30: 6 | P30: Completed On Time
A31: ACC-10030 | B31: Vertexgrid Group | C31: Healthcare | D31: APAC | E31: SMB | F31: Growth | G31: Priya Sharma | H31: Outbound | I31: 2023-07-01 | J31: 2027-07-01 | K31: Active | N31: 25 | O31: 21 | P31: Completed On Time
A32: ACC-10031 | B32: Pixelcraft Co | C32: Media & Marketing | D32: EMEA | E32: Enterprise | F32: Enterprise | G32: Lucas Martin | H32: Self-serve | I32: 2023-07-16 | J32: 2027-07-01 | K32: Active | N32: 45 | O32: 480 | P32: Completed On Time
A33: ACC-10032 | B33: Vertexstack Co | C33: Healthcare | D33: EMEA | E33: Mid-Market | F33: Growth | G33: James Carter | H33: Outbound | I33: 2026-03-20 | K33: Churned | L33: 2026-09-24 | M33: Poor onboarding experience | N33: 25 | O33: 182 | P33: Completed On Time
A34: ACC-10033 | B34: Trueworks LLC | C34: Healthcare | D34: North America | E34: Mid-Market | F34: Growth | G34: Neha Iyer | H34: Self-serve | I34: 2026-04-04 | J34: 2027-04-01 | K34: Active | N34: 25 | O34: 192 | P34: Completed On Time
A35: ACC-10034 | B35: Pixelbase Solutions | C35: Media & Marketing | D35: North America | E35: SMB | F35: Starter | G35: Marco Rossi | H35: Partner | I35: 2024-09-02 | K35: Churned | L35: 2025-07-10 | M35: Company acquired / closed | N35: 12 | O35: 16 | P35: Completed On Time
A36: ACC-10035 | B36: Atlasstack Ltd | C36: Retail & E-commerce | D36: APAC | E36: SMB | F36: Growth | G36: Rahul Mehta | H36: Partner | I36: 2025-03-09 | J36: 2027-03-01 | K36: Active | N36: 25 | O36: 17 | P36: Completed On Time
A37: ACC-10036 | B37: Swiftbase Inc | C37: Education | D37: North America | E37: Mid-Market | F37: Growth | G37: Neha Iyer | H37: Partner | I37: 2024-09-28 | J37: 2027-09-01 | K37: Active | N37: 25 | O37: 128 | P37: Completed On Time
A38: ACC-10037 | B38: Apexlogic Ltd | C38: Healthcare | D38: North America | E38: Mid-Market | F38: Enterprise | G38: Marco Rossi | H38: Inbound | I38: 2024-07-25 | J38: 2027-07-01 | K38: Active | N38: 45 | O38: 150 | P38: Completed On Time
A39: ACC-10038 | B39: Swiftcraft Systems | C39: Media & Marketing | D39: North America | E39: SMB | F39: Growth | G39: Marco Rossi | H39: Self-serve | I39: 2023-09-28 | J39: 2027-09-01 | K39: Active | N39: 25 | O39: 20 | P39: Completed On Time
A40: ACC-10039 | B40: Swiftcraft Solutions | C40: Retail & E-commerce | D40: EMEA | E40: SMB | F40: Growth | G40: Marco Rossi | H40: Outbound | I40: 2025-03-28 | J40: 2027-03-01 | K40: Active | N40: 25 | O40: 27 | P40: Completed On Time
A41: ACC-10040 | B41: Truebase Co | C41: Education | D41: EMEA | E41: SMB | F41: Starter | G41: Rahul Mehta | H41: Partner | I41: 2023-12-21 | K41: Churned | L41: 2026-06-22 | M41: Low adoption | N41: 12 | O41: 39 | P41: Completed On Time
A42: ACC-10041 | B42: Brightpath Systems | C42: Manufacturing | D42: North America | E42: Enterprise | F42: Enterprise | G42: Lucas Martin | H42: Inbound | I42: 2024-02-23 | K42: Churned | L42: 2026-09-19 | M42: Budget cuts | N42: 45 | O42: 294 | P42: Completed On Time
A43: ACC-10042 | B43: Primelogic Ltd | C43: Healthcare | D43: EMEA | E43: SMB | F43: Starter | G43: Sofia Alvarez | H43: Partner | I43: 2025-01-15 | J43: 2027-01-01 | K43: Active | N43: 12 | O43: 38 | P43: Completed On Time
A44: ACC-10043 | B44: Corelogic Solutions | C44: Education | D44: North America | E44: Mid-Market | F44: Growth | G44: Sofia Alvarez | H44: Partner | I44: 2024-11-25 | J44: 2027-11-01 | K44: Active | N44: 25 | O44: 49 | P44: Completed On Time
A45: ACC-10044 | B45: Northlabs LLC | C45: Retail & E-commerce | D45: North America | E45: SMB | F45: Starter | G45: Rahul Mehta | H45: Outbound | I45: 2025-05-16 | K45: Churned | L45: 2026-02-15 | M45: Low adoption | N45: 12 | O45: 38 | P45: Completed On Time
A46: ACC-10045 | B46: Peakline Systems | C46: Logistics | D46: EMEA | E46: SMB | F46: Starter | G46: Sofia Alvarez | H46: Self-serve | I46: 2025-05-15 | J46: 2027-05-01 | K46: Active | N46: 12 | O46: 24 | P46: Completed Late
A47: ACC-10046 | B47: Bluewave LLC | C47: Manufacturing | D47: North America | E47: SMB | F47: Starter | G47: James Carter | H47: Partner | I47: 2025-04-02 | J47: 2027-04-01 | K47: Active | N47: 12 | O47: 38 | P47: Completed On Time
A48: ACC-10047 | B48: Northflow Co | C48: Education | D48: North America | E48: Mid-Market | F48: Growth | G48: Priya Sharma | H48: Self-serve | I48: 2024-02-02 | K48: Churned | L48: 2026-03-18 | M48: Low adoption | N48: 25 | O48: 110 | P48: Completed Late
A49: ACC-10048 | B49: Truebridge Co | C49: Technology | D49: LATAM | E49: Mid-Market | F49: Growth | G49: Marco Rossi | H49: Outbound | I49: 2023-10-06 | J49: 2027-10-01 | K49: Active | N49: 25 | O49: 186 | P49: Completed On Time
A50: ACC-10049 | B50: Primeline Group | C50: Media & Marketing | D50: EMEA | E50: SMB | F50: Starter | G50: James Carter | H50: Outbound | I50: 2025-08-28 | K50: Churned | L50: 2026-05-12 | M50: Switched to competitor | N50: 12 | O50: 5 | P50: Completed On Time
A51: ACC-10050 | B51: Novacraft Solutions | C51: Manufacturing | D51: North America | E51: Mid-Market | F51: Growth | G51: Lucas Martin | H51: Outbound | I51: 2025-09-26 | J51: 2027-09-01 | K51: Active | N51: 25 | O51: 130 | P51: Completed On Time
A52: ACC-10051 | B52: Novaly Systems | C52: Financial Services | D52: LATAM | E52: Enterprise | F52: Enterprise | G52: Marco Rossi | H52: Outbound | I52: 2026-03-07 | J52: 2027-03-01 | K52: Active | N52: 45 | O52: 450 | P52: Completed On Time
A53: ACC-10052 | B53: Clearsphere Ltd | C53: Healthcare | D53: EMEA | E53: SMB | F53: Starter | G53: Priya Sharma | H53: Inbound | I53: 2023-11-12 | J53: 2027-11-01 | K53: Active | N53: 12 | O53: 25 | P53: Completed On Time
A54: ACC-10053 | B54: Peakpath Ltd | C54: Retail & E-commerce | D54: North America | E54: SMB | F54: Starter | G54: Marco Rossi | H54: Outbound | I54: 2025-12-25 | J54: 2027-12-01 | K54: Active | N54: 12 | O54: 27 | P54: Completed On Time
A55: ACC-10054 | B55: Lumenforge Group | C55: Healthcare | D55: North America | E55: SMB | F55: Starter | G55: Daniel Brooks | H55: Partner | I55: 2025-04-08 | K55: Churned | L55: 2026-02-08 | M55: Low adoption | N55: 12 | O55: 12 | P55: Completed On Time
A56: ACC-10055 | B56: Vertexworks Co | C56: Healthcare | D56: EMEA | E56: SMB | F56: Starter | G56: Sofia Alvarez | H56: Outbound | I56: 2025-04-13 | K56: Churned | L56: 2025-11-16 | M56: Low adoption | N56: 12 | O56: 39 | P56: Completed On Time
A57: ACC-10056 | B57: Novanest Solutions | C57: Healthcare | D57: North America | E57: SMB | F57: Growth | G57: Priya Sharma | H57: Outbound | I57: 2023-08-14 | J57: 2027-08-01 | K57: Active | N57: 25 | O57: 11 | P57: Completed On Time
A58: ACC-10057 | B58: Primepoint Systems | C58: Media & Marketing | D58: North America | E58: Mid-Market | F58: Growth | G58: Sofia Alvarez | H58: Partner | I58: 2025-02-13 | K58: Churned | L58: 2026-07-25 | M58: Budget cuts | N58: 25 | O58: 94 | P58: Completed On Time
A59: ACC-10058 | B59: Silvergrid Systems | C59: Healthcare | D59: North America | E59: SMB | F59: Growth | G59: Emily Chen | H59: Inbound | I59: 2026-08-17 | J59: 2027-08-01 | K59: Active | N59: 25 | O59: 15 | P59: In Progress
A60: ACC-10059 | B60: Truestack Ltd | C60: Financial Services | D60: North America | E60: SMB | F60: Growth | G60: Marco Rossi | H60: Partner | I60: 2025-03-17 | J60: 2027-03-01 | K60: Active | N60: 25 | O60: 11 | P60: Completed On Time
A61: ACC-10060 | B61: Bluewave Systems | C61: Education | D61: APAC | E61: SMB | F61: Growth | G61: Lucas Martin | H61: Self-serve | I61: 2026-05-29 | J61: 2027-05-01 | K61: Active | N61: 25 | O61: 26 | P61: Completed On Time
A62: ACC-10061 | B62: Peakbase Co | C62: Media & Marketing | D62: North America | E62: SMB | F62: Growth | G62: Emily Chen | H62: Outbound | I62: 2024-10-18 | K62: Churned | L62: 2026-01-06 | M62: Poor onboarding experience | N62: 25 | O62: 10 | P62: Completed On Time
A63: ACC-10062 | B63: Orbitstack Ltd | C63: Manufacturing | D63: APAC | E63: SMB | F63: Starter | G63: Daniel Brooks | H63: Partner | I63: 2026-06-02 | J63: 2027-06-01 | K63: Active | N63: 12 | O63: 22 | P63: Completed Late
A64: ACC-10063 | B64: Boldsphere Solutions | C64: Healthcare | D64: APAC | E64: SMB | F64: Starter | G64: Rahul Mehta | H64: Inbound | I64: 2025-09-24 | K64: Churned | L64: 2025-12-26 | M64: Low adoption | N64: 12 | O64: 22 | P64: Completed On Time
A65: ACC-10064 | B65: Apexwave Technologies | C65: Healthcare | D65: APAC | E65: SMB | F65: Starter | G65: Marco Rossi | H65: Partner | I65: 2025-06-29 | J65: 2027-06-01 | K65: Active | N65: 12 | O65: 23 | P65: Completed On Time
A66: ACC-10065 | B66: Clearflow Group | C66: Education | D66: North America | E66: Mid-Market | F66: Enterprise | G66: Neha Iyer | H66: Inbound | I66: 2025-01-06 | K66: Churned | L66: 2026-03-09 | M66: Poor onboarding experience | N66: 45 | O66: 89 | P66: Completed Late
A67: ACC-10066 | B67: Northline Co | C67: Healthcare | D67: APAC | E67: SMB | F67: Growth | G67: Emily Chen | H67: Partner | I67: 2025-09-13 | J67: 2027-09-01 | K67: Active | N67: 25 | O67: 19 | P67: Completed On Time
A68: ACC-10067 | B68: Primeforge Solutions | C68: Education | D68: North America | E68: Mid-Market | F68: Growth | G68: Neha Iyer | H68: Inbound | I68: 2025-06-12 | J68: 2027-06-01 | K68: Active | N68: 25 | O68: 75 | P68: Completed On Time
A69: ACC-10068 | B69: Northhub Co | C69: Technology | D69: North America | E69: SMB | F69: Starter | G69: Marco Rossi | H69: Inbound | I69: 2024-05-27 | J69: 2027-05-01 | K69: Active | N69: 12 | O69: 30 | P69: Completed On Time
A70: ACC-10069 | B70: Northpoint Solutions | C70: Manufacturing | D70: North America | E70: SMB | F70: Growth | G70: Marco Rossi | H70: Partner | I70: 2025-04-27 | J70: 2027-04-01 | K70: Active | N70: 25 | O70: 13 | P70: Completed On Time
A71: ACC-10070 | B71: Greenworks Ltd | C71: Healthcare | D71: North America | E71: SMB | F71: Growth | G71: Priya Sharma | H71: Outbound | I71: 2025-11-15 | J71: 2027-11-01 | K71: Active | N71: 25 | O71: 35 | P71: Completed On Time
A72: ACC-10071 | B72: Lumengrid Systems | C72: Financial Services | D72: North America | E72: Mid-Market | F72: Growth | G72: Priya Sharma | H72: Inbound | I72: 2023-09-04 | K72: Churned | L72: 2025-04-25 | M72: Low adoption | N72: 25 | O72: 69 | P72: Completed On Time
A73: ACC-10072 | B73: Urbanlabs Ltd | C73: Education | D73: North America | E73: Mid-Market | F73: Growth | G73: Aisha Khan | H73: Self-serve | I73: 2026-05-10 | J73: 2027-05-01 | K73: Active | N73: 25 | O73: 46 | P73: Completed On Time
A74: ACC-10073 | B74: Lumenly Systems | C74: Financial Services | D74: EMEA | E74: SMB | F74: Starter | G74: Aisha Khan | H74: Self-serve | I74: 2024-02-22 | K74: Churned | L74: 2025-07-24 | M74: Missing features | N74: 12 | O74: 18 | P74: Completed On Time
A75: ACC-10074 | B75: Brightflow Solutions | C75: Logistics | D75: APAC | E75: Enterprise | F75: Growth | G75: Aisha Khan | H75: Inbound | I75: 2023-07-03 | J75: 2027-07-01 | K75: Active | N75: 25 | O75: 362 | P75: Completed On Time
A76: ACC-10075 | B76: Novascale Co | C76: Healthcare | D76: North America | E76: SMB | F76: Starter | G76: Emily Chen | H76: Outbound | I76: 2026-01-06 | J76: 2027-01-01 | K76: Active | N76: 12 | O76: 37 | P76: Completed On Time
A77: ACC-10076 | B77: Brightlogic Ltd | C77: Financial Services | D77: North America | E77: Enterprise | F77: Enterprise | G77: Daniel Brooks | H77: Self-serve | I77: 2025-04-08 | J77: 2027-04-01 | K77: Active | N77: 45 | O77: 577 | P77: Completed Late
A78: ACC-10077 | B78: Apexlabs Co | C78: Healthcare | D78: EMEA | E78: SMB | F78: Growth | G78: Daniel Brooks | H78: Outbound | I78: 2026-08-09 | J78: 2027-08-01 | K78: Active | N78: 25 | O78: 37 | P78: Completed On Time
A79: ACC-10078 | B79: Swiftworks Co | C79: Logistics | D79: EMEA | E79: SMB | F79: Starter | G79: Marco Rossi | H79: Self-serve | I79: 2026-05-31 | J79: 2027-05-01 | K79: Active | N79: 12 | O79: 15 | P79: Completed On Time
A80: ACC-10079 | B80: Greenpath LLC | C80: Healthcare | D80: EMEA | E80: Mid-Market | F80: Enterprise | G80: Sofia Alvarez | H80: Inbound | I80: 2025-08-07 | J80: 2027-08-01 | K80: Active | N80: 45 | O80: 93 | P80: Completed On Time
A81: ACC-10080 | B81: Orbitnest LLC | C81: Logistics | D81: North America | E81: Enterprise | F81: Enterprise | G81: Sofia Alvarez | H81: Inbound | I81: 2026-04-02 | J81: 2027-04-01 | K81: Active | N81: 45 | O81: 487 | P81: Completed On Time
A82: ACC-10081 | B82: Bluelogic Co | C82: Healthcare | D82: North America | E82: SMB | F82: Starter | G82: Daniel Brooks | H82: Self-serve | I82: 2026-03-16 | J82: 2027-03-01 | K82: Active | N82: 12 | O82: 7 | P82: Completed On Time
A83: ACC-10082 | B83: Northgrid Inc | C83: Media & Marketing | D83: EMEA | E83: Mid-Market | F83: Growth | G83: Lucas Martin | H83: Inbound | I83: 2026-05-17 | J83: 2027-05-01 | K83: Active | N83: 25 | O83: 75 | P83: Completed On Time
A84: ACC-10083 | B84: Novabridge Technologies | C84: Healthcare | D84: North America | E84: SMB | F84: Growth | G84: Priya Sharma | H84: Inbound | I84: 2026-06-25 | J84: 2027-06-01 | K84: Active | N84: 25 | O84: 31 | P84: Completed On Time
A85: ACC-10084 | B85: Swiftgrid Inc | C85: Media & Marketing | D85: North America | E85: SMB | F85: Growth | G85: James Carter | H85: Partner | I85: 2025-08-25 | J85: 2027-08-01 | K85: Active | N85: 25 | O85: 9 | P85: Completed On Time
A86: ACC-10085 | B86: Novalabs Inc | C86: Manufacturing | D86: EMEA | E86: SMB | F86: Starter | G86: Daniel Brooks | H86: Outbound | I86: 2024-02-25 | K86: Churned | L86: 2025-12-05 | M86: Switched to competitor | N86: 12 | O86: 38 | P86: Completed On Time
A87: ACC-10086 | B87: Bluesphere Co | C87: Technology | D87: EMEA | E87: Mid-Market | F87: Growth | G87: Rahul Mehta | H87: Inbound | I87: 2026-04-17 | J87: 2027-04-01 | K87: Active | N87: 25 | O87: 143 | P87: Completed On Time
A88: ACC-10087 | B88: Peaklogic Inc | C88: Financial Services | D88: APAC | E88: SMB | F88: Starter | G88: Sofia Alvarez | H88: Self-serve | I88: 2026-06-06 | J88: 2027-06-01 | K88: Active | N88: 12 | O88: 13 | P88: Completed On Time
A89: ACC-10088 | B89: Truely Technologies | C89: Financial Services | D89: EMEA | E89: Mid-Market | F89: Growth | G89: Daniel Brooks | H89: Outbound | I89: 2024-06-11 | J89: 2027-06-01 | K89: Active | N89: 25 | O89: 108 | P89: Completed On Time
A90: ACC-10089 | B90: Primeflow Ltd | C90: Financial Services | D90: EMEA | E90: SMB | F90: Starter | G90: Aisha Khan | H90: Self-serve | I90: 2025-03-22 | J90: 2027-03-01 | K90: Active | N90: 12 | O90: 27 | P90: Completed On Time
A91: ACC-10090 | B91: Greenscale Solutions | C91: Technology | D91: LATAM | E91: Enterprise | F91: Enterprise | G91: Neha Iyer | H91: Self-serve | I91: 2026-06-10 | J91: 2027-06-01 | K91: Active | N91: 45 | O91: 475 | P91: Completed On Time
A92: ACC-10091 | B92: Trueflow Group | C92: Logistics | D92: APAC | E92: SMB | F92: Starter | G92: Daniel Brooks | H92: Inbound | I92: 2023-10-03 | J92: 2027-10-01 | K92: Active | N92: 12 | O92: 24 | P92: Completed On Time
A93: ACC-10092 | B93: Novaforge Systems | C93: Media & Marketing | D93: North America | E93: SMB | F93: Starter | G93: Lucas Martin | H93: Partner | I93: 2024-05-12 | J93: 2027-05-01 | K93: Active | N93: 12 | O93: 29 | P93: Completed On Time
A94: ACC-10093 | B94: Apexmind Solutions | C94: Media & Marketing | D94: North America | E94: SMB | F94: Starter | G94: Lucas Martin | H94: Self-serve | I94: 2023-11-08 | J94: 2027-11-01 | K94: Active | N94: 12 | O94: 10 | P94: Completed On Time
A95: ACC-10094 | B95: Lumenbase LLC | C95: Media & Marketing | D95: APAC | E95: SMB | F95: Starter | G95: Emily Chen | H95: Self-serve | I95: 2024-01-07 | K95: Churned | L95: 2024-11-03 | M95: Low adoption | N95: 12 | O95: 24 | P95: Completed On Time
A96: ACC-10095 | B96: Lumenstack Technologies | C96: Technology | D96: APAC | E96: SMB | F96: Growth | G96: Marco Rossi | H96: Inbound | I96: 2024-09-28 | J96: 2027-09-01 | K96: Active | N96: 25 | O96: 34 | P96: Completed On Time
A97: ACC-10096 | B97: Primegrid Systems | C97: Logistics | D97: APAC | E97: Enterprise | F97: Enterprise | G97: Emily Chen | H97: Outbound | I97: 2024-07-26 | J97: 2027-07-01 | K97: Active | N97: 45 | O97: 407 | P97: Completed Late
A98: ACC-10097 | B98: Corestack Co | C98: Manufacturing | D98: North America | E98: SMB | F98: Starter | G98: Emily Chen | H98: Self-serve | I98: 2025-03-07 | J98: 2027-03-01 | K98: Active | N98: 12 | O98: 28 | P98: Completed On Time
A99: ACC-10098 | B99: Novacraft Ltd | C99: Retail & E-commerce | D99: EMEA | E99: SMB | F99: Starter | G99: Priya Sharma | H99: Self-serve | I99: 2024-01-07 | J99: 2027-01-01 | K99: Active | N99: 12 | O99: 38 | P99: Completed On Time
A100: ACC-10099 | B100: Swiftpath Technologies | C100: Education | D100: North America | E100: SMB | F100: Starter | G100: Priya Sharma | H100: Outbound | I100: 2024-02-27 | J100: 2027-02-01 | K100: Active | N100: 12 | O100: 27 | P100: Completed On Time
A101: ACC-10100 | B101: Corebase Ltd | C101: Education | D101: North America | E101: Mid-Market | F101: Growth | G101: Sofia Alvarez | H101: Outbound | I101: 2026-02-19 | J101: 2027-02-01 | K101: Active | N101: 25 | O101: 198 | P101: Completed On Time
...

Sheet Dashboard_Data
A1: Churn rate by segment (all accounts ever signed)
A2: Segment | B2: Churn rate
A3: SMB | B3: =COUNTIFS(Accounts!$E$2:$E$2601,A3,Accounts!$K$2:$K$2601,"Churned")/COUNTIF(Accounts!$E$2:$E$2601,A3) -> 0.17769376
A4: Mid-Market | B4: =COUNTIFS(Accounts!$E$2:$E$2601,A4,Accounts!$K$2:$K$2601,"Churned")/COUNTIF(Accounts!$E$2:$E$2601,A4) -> 0.22134387
A5: Enterprise | B5: =COUNTIFS(Accounts!$E$2:$E$2601,A5,Accounts!$K$2:$K$2601,"Churned")/COUNTIF(Accounts!$E$2:$E$2601,A5) -> 0.11417323
A7: Churn rate by plan
A8: Plan | B8: Churn rate
A9: Starter | B9: =COUNTIFS(Accounts!$F$2:$F$2601,A9,Accounts!$K$2:$K$2601,"Churned")/COUNTIF(Accounts!$F$2:$F$2601,A9) -> 0.18940754
A10: Growth | B10: =COUNTIFS(Accounts!$F$2:$F$2601,A10,Accounts!$K$2:$K$2601,"Churned")/COUNTIF(Accounts!$F$2:$F$2601,A10) -> 0.17657498
A11: Enterprise | B11: =COUNTIFS(Accounts!$F$2:$F$2601,A11,Accounts!$K$2:$K$2601,"Churned")/COUNTIF(Accounts!$F$2:$F$2601,A11) -> 0.19220056
A13: Churn rate by onboarding outcome
A14: Onboarding | B14: Churn rate
A15: Completed On Time | B15: =COUNTIFS(Accounts!$P$2:$P$2601,A15,Accounts!$K$2:$K$2601,"Churned")/COUNTIF(Accounts!$P$2:$P$2601,A15) -> 0.17065868
A16: Completed Late | B16: =COUNTIFS(Accounts!$P$2:$P$2601,A16,Accounts!$K$2:$K$2601,"Churned")/COUNTIF(Accounts!$P$2:$P$2601,A16) -> 0.34482759
A18: Churned customers by reason
A19: Reason | B19: Customers
A20: Low adoption | B20: =COUNTIF(Accounts!$M$2:$M$2601,A20) -> 156
A21: Budget cuts | B21: =COUNTIF(Accounts!$M$2:$M$2601,A21) -> 98
A22: Switched to competitor | B22: =COUNTIF(Accounts!$M$2:$M$2601,A22) -> 86
A23: Missing features | B23: =COUNTIF(Accounts!$M$2:$M$2601,A23) -> 66
A24: Poor onboarding experience | B24: =COUNTIF(Accounts!$M$2:$M$2601,A24) -> 42
A25: Company acquired / closed | B25: =COUNTIF(Accounts!$M$2:$M$2601,A25) -> 31
